"* Required Fields","* Erforderliche Felder"
"-- No Status Change --","-- Keine Statusänderung --"
"3D Secure","3D Secure"
"3D Secure Authentication","3D Secure Authentifikation"
"3D Secure failed","3D Secure ist fehlgeschlagen."
"3D Secure sucess","3D Secure erfolgreich"
"3DSecure Setting","3D Secure Einstellung"
"A authorized transaction cannot be authorized again.","Eine autorisierte Transaktion kann nicht noch einmal autorisiert werden."
"A authorized transaction cannot be marked as failed.","Eine autorisierte Transaktion kann nicht als fehlgeschlagen markiert werden."
"A cancelled transaction cannot be authorized.","Eine stornierte Transaktion kann nicht autorisiert werden."
"A cancelled transaction cannot be cancelled again.","Eine stornierte Transaktion kann nicht noch einmal storniert werden."
"A cancelled transaction cannot be captured.","Eine stornierte Transaktion kann nicht verbucht werden."
"A cancelled transaction cannot be marked as failed.","Eine stornierte Transaktion kann nicht als fehlgeschlagen markiert werden."
"A cancelled transaction cannot be refunded.","Eine stornierte Transaktion kann nicht gutgeschrieben werden."
"A captured transaction cannot be authorized.","Eine gebuchte Transaktion kann nicht autorisiert werden."
"A captured transaction cannot be cancelled.","Eine gebuchte Transaktion kann nicht storniert werden."
"A captured transaction cannot be marked as failed.","Eine verbuchte Transaktion kann nicht als fehlgeschlagen markiert werden."
"A failed authorization cannot be authorized.","Eine fehlgeschlagene Transaktion kann nicht autorisiert werden."
"A payment method may not available for customers from different counties. You can decide when this availability check should happen. We recommend to set it during authorization","Manche Zahlungsmethoden sind für gewisse Länder nicht erlaubt. Hier können Sie definieren zu welchem Zeitpunkt der Verfügbarkeits-Check durchgeführt werden soll. Wir empfehlen 'Während der Autorisierung'."
"A refund was added over !amount.","Eine Gutschrift über '!amount' wurde hinzugefügt."
"A transaction may be uncertain, when the payment is not guaranteed. For example in case the credit card does not participate in the 3D procedure.","Eine Transaktion kann unsicher sein wenn die Bezahlung nicht garantiert ist. Zum Beispiel wenn die Kreditkarte nicht Teil des 3D Secure Prozesses ist."
"AVS Address Check","AVS Adressüberprüfung"
"AVS Post Code Check","AVS Postleitzahlüberprüfung"
"AVSManager Address Settings","AVS Manager Adresseinstellungen"
"AVSManager Post Code Settings","AVS Postleitzahl-Einstellungen"
"About","Über"
"Account Holder","Kontoinhaber"
"Account Holder Name","Kontoinhaber"
"Account owner name.","Kontoinhaber"
"Action","Aktion"
"Actions","Aktionen"
"Activate","Aktiv"
"Activate AVS-Manager","AVS-Manager aktivieren"
"Activate RealVault","RealVault aktivieren"
"Activate the payment method and test.","Aktivieren Sie die Zahlungsmethode und testen Sie sie."
"Active","Aktiv"
"Additional Information","Zusätzliche Informationen"
"Address Verification Result. <br>(M (Matched) <br>N (Not Matched) <br>I (Problem with check) <br>U (Unable to check (not certified etc)) <br>P (Partial Match))","Ergebnis der Adressverifikation. <br>(M (Matched) <br>N (Not Matched) <br>I (Problem with check) <br>U (Unable to check (not certified etc)) <br>P (Partial Match))"
"Adjust Qty","Anzahl anpassen"
"Adjustment Discount","Korrektur-Ermässigung"
"Adjustment Fee","Bearbeitungsgebühr"
"After payment selection","Nach der Wahl der Zahlungsmethode"
"Ajax authorization not supported.","Ajax-Autorisierung wird nicht unterstützt."
"Alias","Alias"
"Alias For Display","Beispiel-Alias"
"Alias Id","Alias ID"
"Alias Token","Alias Token"
"All Customers","Alle Kunden"
"Allow only 3DSecure transactions (Very strict)","Nur 3D Secure Transaktionen erlauben (sehr strikt)"
"Allowed Currencies","Erlaubte Währungen"
"Allowed currencies for this payment method","Erlaubte Währungen für diese Zahlungsmethode"
"Already registered?","Bereits registriert?"
"Always Checkout as Guest","Immer als Gast auschecken"
"American Express","American Express"
"Amount","Betrag"
"Amount Incl. Tax","Betrag inkl. Steuern"
"An unkown error occurs. Details: '!details'.","Es ist ein unbekannter Fehler aufgetreten. Details: '!details'."
"Are you sure you want to cancel this order?","Sind Sie sicher, dass Sie diese Bestellung stornieren möchten?"
"Ask for the CVC","CVC abfragen"
"At this point the PaRes-URL parameter must be given.","Hier müssen Sie die PaRes-URL angeben."
"Author","Autor"
"Authorization Amount","Autorisierungsbetrag"
"Authorization Failed","Autorisierung fehlgeschlagen"
"Authorization Method","Autorisierungsmethode"
"Authorization is uncertain.","Autorisierung ist unsicher"
"Authorized Status","Autorisationsstatus"
"Await Notification","Benachrichtigung abwarten"
"Awaiting confirmation","Warten auf die Bestätigung"
"BIC","BIC"
"Bad signature format.","Das Format der Signatur ist fehlerhaft"
"Bank Location","Bank Standort"
"Bank Name","Name der Bank"
"Bank account number","Bankkonto"
"Bank code number","Bankcodenummer"
"Before payment selection","Vor der Wahl der Zahlungsmethode"
"Billing Address","Rechnungsadresse"
"Billing Information","Rechnungsinformationen"
"Billing address","Billing address"
"Brand Name","Markenname"
"By setting the capturing the reservation can be captured directly after the order or later manually over the backend of the store.","Mit den Einstellungen zur Verbuchung kann eine Reservierung entweder direkt nach der Bestellung oder nachträglich im Backend des Shops verbucht werden."
"CVC Code","CVC Code"
"CVN Check Result","Resultat der CVN Überprüfung"
"CVN Check Result. <br>(M: CVV Matched), <br>(N: CVV Not Matched), <br>(I: CVV Not checked due to circumstances), <br>(U: CVV Not checked – issuer not certified), <br>(P: CVV Not Processed)","Resultat der CVN Überprüfung. <br>(M: CVV Matched), <br>(N: CVV Not Matched), <br>(I: CVV Not checked due to circumstances), <br>(U: CVV Not checked – issuer not certified), <br>(P: CVV Not Processed)"
"CVN Not Matched","CVN nicht übereinstimmend"
"CVN Not Processed","CVN nicht verarbeitet"
"CVN Not checked - issuer not certified","CVN Not checked - issuer not certified"
"CVN Not checked due to circumstances","CVN Not checked due to circumstances"
"CVN Result","CVN Resultat"
"Cancel","Stornieren"
"Cancel ID","Stornierungs ID"
"Cancel operation failed with message: !message","Der Abbruch ist fehlgeschlagen. Die Fehlermeldung lautet: !message"
"Cancel pending orders when out of stock","Ausstehende Bestellungen stornieren, wenn der Artikel nicht mehr an Lager ist."
"Cancel status","Stornierungsstatus"
"Canceled RealexCw","Abbrechen RealexCw"
"Canceling of this payment not possible!","Stornieren dieser Zahlung ist nicht möglich!"
"Cancelled Status","Status für abgebrochene Bestellungen"
"Cannot update item quantity.","Die Artikelanzahl kann nicht aktualisiert werden."
"Capture Amount","Buchungsbetrag"
"Capture ID","Buchungs ID"
"Capture amount","Verbuchungsbetrag"
"Capture failed with message: !message","Die Verbuchung ist fehlgeschlagen. Die Fehlermeldung lautet: !message"
"Capture information","Buchungs Informationen"
"Capture status","Verbuchungsstatus"
"Capture: Don't Close","Verbuchung: Nicht schliessen"
"Captured Amount","Verbuchter Betrag"
"Captured Status","Verbuchungsstatus"
"Captures","Verbuchungen"
"Captures & Refunds","Verbuchungen & Gutschriften"
"Capturing","Verbuchung"
"Capturing / Settlement","Verbuchung/Zahlung"
"Card Expiration","Kartenablaufdatum"
"Card Holder Name","Karteninhaber"
"Card Number","Kartennummer"
"Carrier Title","Carrier Title"
"Check out faster","Schnelleres Bestellen"
"Check the delivery address","Lieferadresse überprüfen"
"Check to activate the external checkout.","Markieren Sie dieses Feld um den externen Checkout zu aktivieren."
"Checkout","Checkout"
"Checkout as Guest","Als Gast zur Kasse gehen"
"Checkout as a Guest or Register","Als Gast zur Kasse gehen oder ein Kundenkonto erstellen"
"Checkout as a new customer","Als Neukunde bestellen"
"Checkout using your account","Über Ihr Benutzerkonto bestellen"
"Choose settlement after order in case you want an invoice to be created with your oder. The state of the invoice will set according to your capture status.","Wählen Sie 'Erstellung nach Bestellung' falls Sie möchten, dass eine Rechung zu Ihrer Bestellung generiert wird. Der status der Rechnung wird anhand Ihres Buchungs Status gesetzt."
"Choose the strictness of your transactions relating to 3DSecure (Options are ordered by stricness).","Legen Sie fest, wie strikt Sie mit 3D Secure Transaktionen umgehen möchten (Möglichkeiten sind nach Striktheit geordnet)."
"Choosing the encryption algorithm used for the signature. Realex recommend to use SHA1.","Wählen Sie den Verschlüsselungsalgorithmus für die Signatur aus. Realex empfiehlt, SHA1 zu benutzen."
"Company Commercial Number","Handelsregisternummer der Firma"
"Confirm Password","Passwort bestätigen"
"Confirm with your acquire that they support recurring sequences of Realex Payments. At this point (2013) only HBOS and Streamline support this. Recurring sequence payments are a lower risk, you will get charged less.","Stellen Sie sicher, dass Ihr Acquirer Recurring Sequences von Realex unterstützt. Zu diesem Zeitpunkt (2013) tun dies nur HBOS und Streamline. Zahlungen mit Recurring Sequences sind ein niedrigeres Risiko und Sie zahlen weniger."
"Continue","Fortfahren"
"Could not convert object of type '!type' to string.","Konvertierung eines Objektes vom Typ '!type' ist fehlgeschlagen."
"Could not find a brand for the given card number.","Es konnte keinen Brand für die gegebene Karte gefunden werden."
"Could not find pressed button.","Der Button konnte nicht gefunden werden"
"Could not find template file at default location '!location'.","Konnte kein Template auf dem Standard Pfad unter '!location' finden."
"Could not find the payment method !paymentMethodName.","Zahlungsmethode '!paymentMethodName' konnte nicht gefunden werden."
"Could not load layout from URL !url. Reason: !reason","Das Layout konnte nicht von !url geladen werden. Grund: !reason"
"Create Account","Benutzerkonto erstellen"
"Create New Order - Payment","Neue Bestellung erstellen - Zahlung"
"Create a recurring payment, with an existing alias is not supported","Mit einem existierenden Alias ist die Erstellung einer wiederkehrenden Zahlung nicht möglich."
"Creating an account has many benefits:","Die Erstellung eines Benutzerkontos bringt viele Vorteile mit sich:"
"Creation Date","Erstellungsdatum"
"Credit Card Brands","Kreditkartenbrand"
"Credit Memo History","Gutschrifthistorie"
"Credit Memo Totals","Gutschrift Total"
"Credit memos total must be positive.","Der Gesamtbetrag des Guthaben-Memos muss positiv sein."
"Currency","Währung"
"Current Configuration Scope:","Scope der Konfiguration:"
"Customer Account","Kundenkonto"
"Customer Alias Management","Kunden Alias Management"
"Customer successfully returned from RealexCw","Kunde ist erfolgreich von RealexCw zurückgekehrt"
"Customer successfully returned from Realex","Der Kunde ist erfolgreich von der RealexCw Payment Page zurückgekehrt."
"Customer sucessfully returned from the RealexCw payment page.","Der Kunde ist erfolgreich von der RealexCw Payment Page zurückgekehrt."
"Customers","Kunden"
"Customweb","Customweb"
"Date","Datum"
"Date of Birth","Geburtsdatum"
"Day","Tag"
"Deactivate","Deaktivieren"
"Dear customer we have received your billing and shipping information. In order to finish your order please create an account below or checkout as guest.","Sehr geehrter Kunde wir haben Ihre Rechnungs- und Lieferinformationen erhalten. Um Ihre Bestellung abschliessen zu können, bitten wir Sie ein Account zu erstellen oder sich als Gast anzumelden."
"Dear customer, it appears to us that your payment was successful, but we are still waiting for confirmation. You can wait on this page and we will redirect you after we received the confirmation. Or you can close this window and we will send out an order confirmation email.","Sehr geehrter Kunde, es scheint, dass Ihre Zahlung erfolgreich war, aber wir warten immer noch auf eine Bestätigung. Sie können auf dieser Seite warten, und wir leiten Sie weiter nachdem wir die Bestätigung erhalten haben. Oder Sie können dieses Fenster schliessen und wir senden Ihnen eine Auftragsbestätigung später per Email."
"Default Config","Standard Konfiguration"
"Deferred","Verzögert"
"Deferred (authorization)","Verzögert (Autorisierung)"
"Deferred capturing","Verzögerte Buchung"
"Deferred settlement","Verzögerte Erstellung"
"Define a maximal order total for this checkout to be available.","Definieren Sie einen Maximalbestellwert für den Checkout."
"Define a minimal order total for this checkout to be available.","Definieren Sie einen Mindestbestellwert, der erreicht werden muss um den Checkout verfügbar zu machen."
"Delayed","Verzögert"
"Delete","Löschen"
"Delivery address","Delivery address"
"Description","Beschreibung"
"Diners Club","Diners Club"
"Direct Debits","Lastschrift"
"Direct E-Banking","Sofortüberweisung"
"Direct capture after order","Direkte Buchung nach der Bestellung"
"Directly after order","Direkte Buchung nach der Bestellung"
"Directly after order (sale)","Direkte Buchung nach der Bestellung"
"Disabled","Deaktiviert"
"Discount","Rabatt"
"Discount Amount","Rabattbetrag"
"Do nothing (not recommended)","Nichts tun (nicht empfohlen)"
"Do you wish to store your card information?","Do you wish to store your card information?"
"Don't change order status","Bestellstatus nicht verändern."
"During authorization","Während der Autorisation"
"ECI (Ecommerce Indicator)","eCommerce Indikator (ECI)"
"ECI Value","ECI Wert"
"ECommerce Indivator (ECI)","eCommerce Indikator (ECI)"
"Each valid transaction returnes a RealScore (0 - 100). RealScore is Realex’s proprietary Transaction Suitability Scoring (TSS) system. A transaction suitability score is a score assigned to a transaction based on rules configured by you, highlighting potentially suspicious transactions which can be flagged for review. Realscore can also be implemented with automatic transaction checking, where transactions which break certain predefined rules or which return a low score can be automatically declined. The TSS-value set here, acts as a lower bound for transactions. Each transaction with a TSS-value lower as this option will be flagged for review (flagged as uncertain).","Jede gültige Transaktion returniert einen RealScore (0-100). RealScore ist das firmeneigene TSS System von Realex. TSS ist ein Wert, der einer Transaktion anhand der von Ihnen festgelegten Regeln zugewiesen wird. Dabei werden potenziell verdächtige Transaktionen gekennzeichnet und sie können zur späteren Überprüfung markiert werden. RealScore kann auch mit einer automatischen Transaktionsüberprüfung durchgeführt werden, dabei werden Transaktionen, die den Regeln nicht ensprechen automatisch abgelehnt. Der hier festgelegte TSS Wert dient als Untergrenze. Jede Transaktion mit einem niedrigeren Wert wird zur Überprüfung markiert."
"Edit","Bearbeiten"
"Edit Invoice %s","Rechnung bearbeiten %s"
"Email Address","E-Mail Adresse"
"Empty version number field name","Leerer Versionsnummer-Feldname"
"Enable or disable logging.","Erfassung aktivieren oder deaktivieren."
"Enable the payment method","Diese Zahlungsmethode aktivieren"
"Enabled","Aktiviert"
"Encryption algorithm","Verschlüsselungsalgorithmus"
"Enter the date on which your card expires.","Geben Sie das Ablaufdatum der Karte ein."
"Enter the subaccount you want to use for this shop. You need to contact Realex in order to set up new subaccounts. The default subacount is 'internet'.","Geben Sie das Unterkonto ein, das sie für diesen Shop benutzen möchten. Um neue Unterkonten einzurichten, müssen Sie Realex kontaktieren. Das Standardunterkonto ist 'internet'."
"Error with the length of the validation date.","Bitte kontrollieren Sie das Gültigkeitsdatum."
"Excl. Tax","Exkl. Steuern"
"External Checkout","Externer Checkout"
"External Checkout: Guest Checkout","External Checkout: Gast Checkout"
"Failed","Fehlgeschlagen"
"Failed payment authorization.","Die Autorisierung ist fehlgeschlagen."
"Figure !number:","Abbildung !number:"
"For the Transaction Feedback please send the URL that is generated in the main module to Realex (<a href='mailto:support@realexpayments.com'>support@realexpayments.com</a>)","Für das Transaktionsfeedback senden Sie die URL, die im Hauptmodul generiert wird an Realex (<a href='mailto:support@realexpayments.com'>support@realexpayments.com</a>)."
"Force 3DSecure transaction, if customer is enrolled for 3DSecure. If not enrolled go on without 3DSecure.","3D Secure Transaktion erzwingen, wenn der Kunde für 3D Secure angemeldet ist. Ansonsten ohne 3D Secure fortfahren."
"Forgot Your Password?","Haben Sie Ihr Passwort vergessen?"
"Forgot your password?","Passwort vergessen?"
"Full 3D Secure – cardholder enrolled","Full 3D Secure - Karteninhaber ist angemeldet"
"Get Update","Aktualisieren"
"Here you can insert a transaction prefix. The prefix allows you to change the transaction number that is transmitted to Realex. The prefix must contain the tag {id}. It will then be replaced by the order number (e.g. name_{id}).","Hier können Sie einen Bestellpräfix eingeben. Der Präfix erlaubt es Ihnen, die Bestellnummer, die an Realex übermittelt wird, zu verändern. Der Präfix muss den Tag {id} enthalten. Dieser wird anschliessend durch die Bestellnummer ersetzt (z.B. name_{id})."
"Here you can insert an order prefix. The prefix allows you to change the order number that is transmitted to Authorize.net. The prefix must contain the tag {id}. It will then be replaced by the order number (e.g. name_{id}).","Hier können Sie einen Bestellpräfix eingeben. Der Präfix erlaubt es Ihnen, die Bestellnummer, die an Realex übermittelt wird, zu verändern. Der Präfix muss den Tag {id} enthalten. Dieser wird anschliessend durch die Bestellnummer ersetzt (z.B. name_{id})."
"Here you may enter the shop id added to allow multiple stores with the same Realex account.","Hier können Sie die Shop ID eingeben, die es Ihnen erlaubt, mehrere Sores mit demselben Realex Account zu benutzen."
"Het kiezen van de encryptie-algoritme dat wordt gebruikt voor de ondertekening. Realex beveelt SHA1 gebruiken.","Het kiezen van de encryptie-algoritme dat wordt gebruikt voor de ondertekening. Realex beveelt SHA1 gebruiken."
"Hide","Verbergen"
"I: Problem with check","I: Problem with check"
"IBAN","IBAN"
"IBAN number","Bankkonto"
"If a product is in stock only once and the payment of the customer ordering this product fails or is aborted, it won't be available until the order is canceled (see timeout option below). Enable this setting to cancel the customer's pending orders when he returns to the cart page and a product is not available anymore.","Sofern nur noch ein Produkt an Lager ist und die Bezahlung des Kunden (der genau dieses Produkt kauft) fehlschlägt, wird das Produkt solange reserviert bis die Bestellung annuliert wird (vgl. Timeout Option). Aktivieren Sie diese Option, falls Sie NICHT möchten, dass das Produkt reserviert wird. Die Bestellung wird dann bei fehlgeschlagener oder abgebrochener Zahlung sofort annuliert."
"If a product is in stock only once and the payment of the customer ordering this product fails or is aborted, it won't be available until the order is canceled (see timeout option below). Enable this setting to cancel the customer's pending orders when he returns to the cart page and a product is not available anymore. Be careful though: If you enable this option, there is a chance that payments are made with the corresponding order being already canceled.","Der Artikel wird während der Zeit, wenn ein Kunde im Checkout ist reserverit. Aktivieren Sie diese Option, damit der Bestand bei fehlgeschlagenen Zahlungen direkt wieder freigegeben wird. Ansonsten erfolgt die Freigabe erst, wenn der Cron Job die ausstehenden Bestellungen cancelled."
"If it is not applicable leave the field empty.","Falls nicht zutreffend, lassen Sie dieses Feld leer."
"If the status is 'Pending' it is unclear whether the transaction will be cancelled successfully.","Wenn der Status 'Ausstehend' ist, dann ist unklar ob die Transaktion erfolgreich storniert wurde."
"If the status is 'Pending' it is unclear whether the transaction will be captured successfully.","Wenn der Status 'Ausstehend' ist, dann ist unklar ob die Verbuchung erfolgreich war."
"If the status is 'Pending' it is unclear whether the transaction will be refunded successfully.","Wenn der Status 'Ausstehend' ist, dann ist es unklar, ob die Gutschrift erfolgreich war."
"If the test mode is selected the test account is used. Otherwise the configured account is used.","Dieser Account wird benutzt, wenn der Testmodus ausgewählt ist. Andernfalls wird der konfigurierte Account benutzt."
"If this error persists please contact Realex.","Falls dieser Fehler bestehen bleibt, kontaktieren Sie bitte Realex"
"If you have any issues with the module please feel free to contact us. See our <a href='https://www.sellxed.com/en/support' target='_blank'>support page</a> for more information.","Zögern Sie nicht, uns zu kontaktieren falls Sie ein Problem mit dem Modul haben. Auf unserer <a href='https://www.sellxed.com/de/support' target='_blank'>Support Seite</a> finden Sie weitere Informationen."
"If you select this checkbox, the payment will be captured at the PSP and you can not add additional captures.","Wenn Sie die Checkbox anklicken wird die Bestellung beim PSP verbucht. Es können keine weiteren Captures erstellt werden."
"If you would like to use recurring payments, you need our magento module ""Customweb Subscription"". For further information go to <a href=""http://www.sellxed.com/shop/"" target=""_blank"">sellxed.com</a>.","Falls Sie Recurring Payments anbieten möchten, brauchen Sie das Magnet Modul ""Customweb Subscription"". Weitere Informationen finden Sie unter <a href=""http://www.sellxed.com/shop/"" target=""_blank"">sellxed.com</a>."
"Image Brand Selection","Auswahl des Kartenlogos"
"In order to be able to open the Payment Page of Realex you must transmit the IP address of your server to Realex.","Um die Payment Page von Realex zu öffnen, müssen Sie die IP Adresse Ihres Servers an Realex senden."
"In some cases it may take a few seconds until the transaction is successfully authorized. When this option is enabled, the notification is awaited.","Es kann in einigen Fällen ein paar Sekunden dauern bis die Transaktion erfolgreich genehmigt wird. Wenn diese Option aktiviert ist, wird die Benachrichtigung erwartet."
"In some cases the transaction requires a few seconds until it is successfully authorized. When this option is enabled the user is hold until the transaction reach the final state. If this is not the case in 30 seconds a message is shown to the customer, which explains the situation.","Es dauert teilweise etwas bis wir vom PSP die Nachricht der Zahlung erhalten. Das aktivieren dieser Option führt dazu, dass der Kunde im Checkout verzögert wird, bis die Notifikation vom PSP eintrifft."
"Inactive","Inaktiv"
"Incl. Tax","Inkl. Tax"
"Information","Information"
"Invalid CVC provided.","Der CVC Code ist ungültig."
"Invalid login or password.","Ungültiges Login oder Passwort."
"Invoice Items","Rechungsartikel"
"Invoice Settlement","Verbuchung der Rechnung"
"Invoice Totals","Rechnungstotal"
"Invoice settlement","Rechungserstellung"
"Invoice was created successfully","Die Rechnung wurde erfolgreich erstellt"
"Invoices","Rechungen"
"Issue Number","Ausgabekartennummer"
"It is not possible to checkout in your country.","Es ist in Ihrem Land nicht möglich zu bezahlen."
"Item","Artikel"
"Items","Artikel"
"Items Refunded","Artikel zurückerstattet"
"JCB","JCB"
"Laser","Laser"
"Live HMAC Key","Live HMAC Key"
"Live Identifier (PBX_IDENTIFIANT)","Live Identifier (PBX_IDENTIFIANT)"
"Live Mode","Live Modus"
"Live Mode in Live Environment","Live Modus"
"Live Password","Live Passwort"
"Live Rang (PBX_RANG)","Live Rang"
"Live Site ID (PBX_SITE)","Live Site ID (PBX_SITE)"
"Logging","Logging"
"Login","Login"
"Login & Register","Login & Registrieren"
"Login and password are required.","Login und Passwort sind erforderlich."
"M: Matched","M: Matches"
"MD5","MD5"
"Mail order/telephone order authorization","Autorisierung von eMail-/Telefonbestellungen"
"Manage Stores","Shops verwalten"
"Manage Realex Aliases","Realex Aliasse verwalten"
"Mark all Transaction as certain","Alle Transaktionen als unsicher markieren."
"MasterCard","MasterCard"
"Maximum Order Total","Maximales Bestelltotal"
"Merchant 3D Secure – cardholder not enrolled or attempt to authenticate acknowledged","Merchant 3d Secure - Der Karteninhaber ist nicht angemeldet oder der Authentifizierungsversuch wurde anerkannt."
"Merchant ID","Merchant ID"
"Merchant ID MOTO","Merchant ID MoTo"
"Message","Nachricht"
"Method Title","Titel der Zahlungsmethode"
"Minimum Order Total","Minimales Bestelltotal"
"Month","Monat"
"My Realex Aliases","Meine Realex Aliasse"
"N: Not Matched","N: Does not match"
"Never use 3DSecure","Niemals 3D Secure benutzen"
"New Order","Neue Bestellung"
"New Order Status","Neuer Bestellstatus"
"New card","Neue Karte"
"Next Update Execution Date","Nächstes Ausführungsdatum für Updates"
"No","Nein"
"No CVC code set.","Es wurde kein CVC Code angegeben."
"No IBAN set.","Es wurde keine IBAN angegeben."
"No Items","Keine Artikel"
"No account holder set.","Es wurde kein Kontoinhaber angegeben."
"No additional payment information available.","Keine zusätzliche Zahlungsinformationen verfügbar"
"No authorization method found for payment method !method.","Es konnte keine Autorisierungsmethode für die Zahlmethode '!method' gefunden werden."
"No button returned.","Kein Knopf erhalten."
"No card expiry month is invalid.","Der Ablaufmonat ist ungültig."
"No card expiry month set.","Der Ablaufmonat wurde nicht angegeben."
"No card expiry year is invalid.","Das Ablaufjahr ist ungültig."
"No card expiry year set.","Das Ablaufjahr wurde nicht angegeben."
"No card holder set.","Es wurde kein Karteninhaber angegeben."
"No refund possible.","Keine Rückvergütung möglich"
"No shipping method needed.","Keine Versandmethode benötigt."
"No, use the dropdown.","Dropdown-Menü benutzen"
"Non 3D Secure transaction.","Transaktion ohne 3D Secure"
"Notification URL","Notification URL"
"Only an authorized transaction can be marked as finally declined.","Nur autorisierte Transaktionen können als endgültig abgelehnt markiert werden."
"Only an uncertain transaction can be marked as finally declined.","Nur unsichere Transaktionen können als endgültig abgelehnt markiert werden."
"Only authorized transaction can be cancelled.","Nur autorisierte Transaktionen können storniert werden."
"Only authorized transaction can be captured.","Nur autorisierte Transaktionen können verbucht werden."
"Only authorized transaction can be refunded.","Nur autorsierte Transaktionen können gutgeschrieben werden."
"Only captured transaction can be refunded.","Nur gebuchte Transaktionen können gutgeschrieben werden."
"Only on captured transaction the flag customer refusing to pay can be set.","Nur bei bereits verbuchten Transaktionen kann ein Flag zur Markierung von Kunden, die nicht bezahlt haben, gesetzt werden."
"Operation Mode","Betriebsmodus"
"Optionally: Activate the 3D-secure.","Optional: 3D Secure aktivieren"
"Optionally: Activate the transaction suitability score.","Option: Aktivieren Sie den Transaction Suitability Score"
"Optionally: Alias manager. You need the alias manager in order to use subscriptions.","Optional: Alias Manager. Sie benötigen den Alias Manager um Abonnements anzubieten"
"Order #","Bestellnummer"
"Order Grand Total","Gesamtsumme der Bestellung"
"Order Information","Bestellungsinformation"
"Order Prefix","Bestell-Präfix"
"Order Review","Bestellungsüberprüfung"
"Order Summary","Bestellzusammenfassung"
"Order Total","Bestelltotal"
"Order cancelled, because the customer was too long in the payment process of Realex.","Bestellung wurde abgebrochen, da der Kunde sich zu lange im Zahlungsprozess von Realex befand."
"Order was placed using %s","Order was placed using %s"
"Orders","Bestellungen"
"Orders with with payments that are longer pending than the specified timeout in minutes are cancelled automatically.","Bestellungen, deren Zahlungen länger ausstehend bleiben als das definierte Timeout in Minuten, werden automatisch abgebrochen. Um dieses Feature benutzen zu können, müssen Sie Magento Cron aufsetzen."
"Our acquire doesn't support Realex-Payments-recurring-sequences.","Our acquire doesn't support Realex-Payments-recurring-sequences."
"Our acquire don't support Realex-Payments-recurring-sequences.","Unser Acquirer unterstützt Realex Recurring Sequences"
"Our acquire support Realex-Payments-recurring-sequences.","Unser Acquirer unterstützt Realex Recurring Sequences"
"P: Partial Match","P: Partial Match"
"Paid Amount","Bezahlter Betrag"
"Partial refund not possible. You may retry with the total transaction amount.","Teilrückzahlung nicht möglich. Die Summe ist grösser als der verbuchte Gesamtbetrag."
"Password","Passwort"
"Password and password confirmation are not equal.","""Passwort"" und ""Passwort bestätigen"" stimmen nicht überein."
"Pay with ____paymentMethodName____","Zahlen mit ____paymentMethodName____"
"Payment","Zahlung"
"Payment ID","Zahlungs-ID"
"Payment Id","Payment ID"
"Payment Information","Zahlungsinformationen"
"Payment Method","Zahlungsmethode"
"Payment captured successfully.","Die Zahlung wurde erfolgreich vebucht."
"Payment could not be authorized. Cancelling order. Reason :","Die Zahlung konnte nicht autorisiert werden. Bestellung wird abgebrochen. Grund:"
"Payment details can be entered after placing the order","DIe Zahlungsinformationen können eingegeben werden, nachdem die Bestellung bestätigt wurde."
"Payment from Applicable Countries","Zahlung von zutreffenden Ländern"
"Payment from Specific Countries","Zahlung von spezifischen Ländern"
"Payment from applicable countries","Zahlung von zutreffenden Ländern"
"Payment from specific countries","Zahlung von spezifischen Ländern"
"Payment is pending at RealexCw","Zahlung ist bei RealexCw ausstehend"
"Payment method description","Beschreibung der Zahlungsmethode"
"Payment with %s","Zahlung mit %s"
"Payment with Realex","Zahlung mit Realex"
"Payments may be updated periodically (interval in minutes). To use this feature you have to setup magento cron","Mit der Aktivierung dieser Option wird periodisch der Status der Zahlung via API Interface abgefragt. Um das Feature zu nutzen, muss der Magento Cron aktiviert sein."
"Pending","Ausstehend"
"Pending RealexCw","Ausstehend  RealexCw"
"Place Order","Rechtsverbindlich bestellen"
"Please agree to all the terms and conditions before placing the order.","Bitte stimmen Sie vor dem Platzieren der Bestellung den allgemeinen Geschäftsbedingungen zu."
"Please check the entered CVC number.","Bitte überprüfen Sie den eingegebenen CVC."
"Please check the entered credit card number.","Bitte geben Sie eine Kreditkartennummer ein."
"Please contact the merchant.","Bitte kontaktieren Sie den Händler."
"Please enter here the Bank Identifier Code (BIC).","Bitte tragen Sie hier einen BIC ein (Bank identifier Code)."
"Please enter here the CVC code from your card. You find the code on the back of the card.","Bitte geben Sie hier den CVC Ihrer Karte ein. Sie finden diesen auf der Rückseite Ihrer Kreditkarte."
"Please enter here the International Bank Account Number (IBAN).","Bitte geben Sie die IBAN Ihres Bankkontos ein."
"Please enter here the account holder name on the card.","Bitte geben Sie den Kontoinhaber an."
"Please enter here the account holder name.","Bitte tragen Sie hier den Kontoinhaber ein."
"Please enter here the account number of your bank account.","Bitte geben Sie die IBAN Ihres Bankkontos ein."
"Please enter here the bank code of your bank.","Bitte geben Sie den Bankcode Ihrer Bank ein."
"Please enter here the card holder name on the card.","Bitte geben Sie den Karteninhaber auf Ihrer Kreditkarte ein."
"Please enter here the commercial number of your company.","Sie müssen die Handelsregisternummer Ihrer Firma eingeben"
"Please enter here the name of the account owner.","Bitte geben Sie den Namen des Kontoinhabers an."
"Please enter here the number on your card.","Bitte geben Sie hier die Kartennummer Ihrer Kreditkarte ein."
"Please enter here the sales tax number of your company.","Bitte tragen Sie hier die Steuernummer Ihrer Firma ein."
"Please enter here your social security number.","Bitte geben Sie hier Ihre Sozialversicherungsnummer ein."
"Please enter the BIC number.","Bitte geben Sie die BIC ein."
"Please enter the location of your bank.","Bitte geben Sie den Standort Ihrer Bank ein."
"Please enter the name of your bank.","Bitte geben Sie hier den Namen Ihrer Bank ein."
"Please enter your IBAN number.","Bitte geben Sie Ihre IBAN ein."
"Please enter your issue number, if there is no CVC code on your card.","Bitte geben Sie die Ausgabenummer von Ihrer Karte ein, falls Sie keinen CVC auf Ihrer Karte haben."
"Please flash or disable the cache storage and retry. If this did not help, change the authorization method to PaymentPage and <a href=""%s"" target=""_blank"">contact sellxed</a>.","Bitte deaktivieren Sie Cache und versuchen Sie es erneut. Sollte dies nicht helfen, ändern Sie die Autorisationsmethode zu PaymentPage und <a href=""%s"" target=""_blank"">kontaktieren Sie sellXed</a>."
"Please flash or disable the cache storage and retry. If this did not help, change the authorization method to PaymentPage and <a href=""%s"" target=""_blank"">contact sellxed</a>.', 'http://www.sellxed.com/en/support","Bitte leeren oder deaktivieren Sie den Cache-Speicher und versuchen Sie es erneut. Falls dies nicht hilft, ändern Sie die Autorisationsmethode zu Payment Page und <a href=""%s"" target=""_blank"">kontaktieren Sie sellXed</a>.', 'http://www.sellxed.com/en/support"
"Please flush or disable the cache storage and retry. If this did not help, change the authorization method to PaymentPage and <a href=""%s"" target=""_blank"">contact sellxed</a>.","Bitte entleeren oder deaktivieren Sie Ihren Cache und versuchen Sie es erneut. Falls es immer noch nicht klappt, ändern Sie die Autorisierungsmethode zu PaymentPage und kontaktieren Sie <a href=""%s"" target=""_blank"">sellxed</a>."
"Please log in below:","Bitte loggen Sie sich ein:"
"Please select","-- Bitte wählen --"
"Please select a shipping method before sending the order.","Bitte wählen Sie vor dem Übermitteln der Bestellung eine Versandmethode aus."
"Please select the Bank Identifier Code (BIC) of your bank.","Wählen Sie einen BIC (Bank Identifier Code) Ihrer Bank."
"Please select the day of your birth.","Bitte wählen Sie den Tag Ihrer Geburt aus."
"Please select the expiry month on your card.","Bitte wählen Sie den Monat des Ablaufdatums auf Ihrer Kreditkarte aus."
"Please select the expiry year on your card.","Bitte geben Sie das Ablaufdatum der Karte ein."
"Please select the month of your birth.","Bitte wählen Sie den Monat Ihrer Geburt aus."
"Please select the the year of your birth.","Bitte wählen Sie das Jahr Ihrer Geburt aus."
"Please send the notification URL and the IP address of the server to <a href='mailto:support@realexpayments.com'>support@realexpayments.com</a>. You can find both information below.","Bitte schicken Sie die Notification URL und die IP Adresse des Servers an href='mailto:support@realexpayments.com'>support@realexpayments.com</a>. Sie finden diese Informationen weiter unten auf dieser Seite."
"Please wait, processing your order...","Bitte warten, während die Bestellung verarbeitet wird..."
"Price","Preis"
"Product","Produkt"
"Product Name","Produktname"
"Purchase Point","Einkaufsort"
"Qty","Anzahl"
"RealVault Security Measure","RealVault Sicherheitsmassnahmen"
"Rebate Password","Rebate Password"
"Recurring Payments","Abo Zahlungen"
"Recurring Sequences","Recurring Sequences"
"Redirect","Weiterleitung"
"Refund Amount","Rückerstattungsbetrag"
"Refund ID","Rückvergütungs ID"
"Refund amount","Rückerstattungsbetrag"
"Refund failed with message: !message","Die Rückerstattung ist fehlgeschlagen. Die Fehlermeldung lautet: !message"
"Refund information","Informationen zur Gutschrift"
"Refund status","Gutschriftsstatus"
"Refunded Amount","Rückerstattungsbetrag"
"Refunds","Gutschrift"
"Register","Registireren"
"Register to Create an Account","Registrieren, um ein Benutzerkonto zu erstellen"
"Register with us for future convenience:","Registrieren Sie sich bei uns für zukünftigen Komfort:"
"Release Date","Erscheinungsdatum"
"Review","Übersicht"
"Rounding Adjustment","Rundungskorrekturen"
"Row Total","Zeilensumme"
"SEPA Mandate ID","SEPA Mandats ID"
"SHA1","SHA-1"
"SKU:","SKU:"
"Sales","Verkäufe"
"Sales Tax Number","Steuer Nummer"
"Save","Speichern"
"Saved cards:","Gespeicherte Karten:"
"See order and shipping status","Bestell- und Versandstatus ansehen"
"Select Brand","Wählen Sie den Kartentyp aus."
"Select Method","Methode auswählen"
"Select the authorization method to use for processing this payment method.","Wählen Sie bitte die Autorisierungsmethode für diese Zahlweise. (Bitte beachten Sie, dass die Hidden Autorisierung für Kreditkarten (sofern vorhanden) zusätzliche Zertifizerungsanforderungen mit sich bringt SAQ-A-EP. Für weitere Informationen kontkatieren Sie bitte Realex)."
"Select the date of your birth.","Wählen Sie Ihr Geburtsdatum."
"Select the date on which your card expires.","Wählen Sie das Kartenablaufdatum."
"Send Invoice Email","Rechnungs-E-Mail senden"
"Send amounts to Realex in base currency.","Den Betrag an Realex  in der Standard Währung setteln"
"Send amounts to Realex in store's base currency.","Beträge in der Basiswährung des Shops an Realex senden."
"Send invoice email","Rechnungsmail versenden"
"Send the invoice email automatically after invoice creation.","Soll das Rechnungsemail direkt nach dem Erstellen der Rechnung versendet werden?"
"Set direct capture after order. In this case your authoization will directly be captured on your customer's credit card","Wenn Sie 'Direkte Buchung' wählen, wird die Autorisierung direkt von der Kredit Karte des Kunden abgebucht. Bei 'Verzögerte Buchung' wird der Betrag verzögert zu einem von Ihnen definierten Zeitpunkt verbucht."
"Set the sort order to show the external checkouts.","Legen Sie die Reihenfolge fest, in der externe Checkouts angezeigt werden sollen."
"Settlement after order","Erstellung nach der Bestellung"
"Setup","Setup"
"Shipping & Handling","Shipping & Handling"
"Shipping Address","Lieferadresse"
"Shipping Amount","Lieferkosten"
"Shipping Information","Versandinformationen"
"Shipping Method","Versandmethode"
"Shipping Methods","Versandmethoden"
"Shipping Refund","Rückerstattung der Lieferkosten"
"Shop","Shop"
"Shop ID","Shop ID"
"Short Installation Instructions:","Kurzinstruktionen:"
"Should the amount be captured / settled automatically after the order (auto settle) or should the amount only be reserved?","Soll der Betrag nach der Bestellung automatisch abgesendet (direkt) oder nur reserviert werden (verzögert)?"
"Show","Anzeigen"
"Show Account Selection","Account-Auswahl anzeigen"
"Show Further Settings and Information","Weitere Einstellungen und Informationen zeigen"
"Show Image","Bild anzeigen"
"Show Payment Id","Payment ID anzeigen"
"Show the payment id","Anzeigen der Zahlungs ID"
"Show the payment id in the order information","Zahlungs ID in der Bestellinformation anzeigen"
"Show the payment image","Anzeigen der Zahlungslogos"
"Show the payment image on the checkout page","Zahlungslogos im Checkout anzeigen"
"Sign In","Anmelden"
"Signature Passphrase","Signature Passphrase"
"Social Security Number","Sozialversicherungsnummer"
"Sort Order","Sortierreihenfolgen"
"Status","Status"
"Store the payment details","Speichere Zahlungsdaten"
"Stored payment details","Gespeicherte Zahlungsdetails"
"Subacount","Unterkonto"
"Submit Order","Bestellung absenden"
"Submitting order information...","Bestellungsinformation übermitteln..."
"Subtotal","Zwischensumme"
"Success","Erfolgreich"
"Successful","Erfolgreich"
"Successful online refund of amount","Der Betrag wurde online erfolgreich zurückerstattet."
"Successful payment authorization.","Die Zahlung wurde erfolgreich autorisiert."
"Successfull online refund of amount","Der Betrag wurde online erfolgreich zurückerstattet."
"Support","Support"
"TSS (Transaction Suitability Scoring) system","TSS (Transaction Suitability Scoring) System"
"TSS Value","TSS Wert"
"TSS lower bound","TSS Untergrenze"
"Tax Amount","Steuerbetrag"
"Technical issue: This payment methods is not available at the moment.","Technisches Problem: Diese Zahlungsmethode ist zur Zeit nicht verfügbar."
"Template URL","Template URL"
"Test Environment","Testumgebung"
"Test Mode","Test Modus"
"Test Mode in Live Environment","Testmodus in der Live-Umgebung"
"Test Transaction","Testtransaktion"
"The 3-D secure authorization failed because of temporary issue with the authentication system.","Die 3D Secure Autorisierung ist aufgrund eines vorübergehenden Problems mit dem Authentifizierungssystem fehlgeschlagen."
"The 3-D secure authorization failed.","3D Secure ist fehlgeschlagen."
"The 3-D secure enrollement status of your card could not be checked.","Der Status der 3D Secure Anmeldung Ihrer Karte konnte nicht überprüft werden."
"The 3-D secure enrollment does not return the ASC URL or the ASC pareq parameter.","Die 3D Secure Anmeldung antwortet nicht mit der ASC URL oder dem ASC Pareq Parameter."
"The HMAC key as defined in the live backoffice of Realex. You may need generate the HMAC key. Please take a look at the manual how to do this.","Der HMAC Key ist im Live Backoffice von Realex angegeben. Eventuell müssen Sie den HMAC Key noch generieren. Eine Anleitung dazu finden Sie im Manual."
"The Paymentmethod the customer choose on the paymentpage.","Die Zahlungsmethode, die der Kunde auf der Payment Page auswählt."
"The SEPA mandate schema does not contain the tag '!tag'. This tag is required.","Das SEPA Mandat Scheme enthält leider nich die Bezeichnung '!tag'. Diese Bezeichnung ist aber Pflicht."
"The account has been deactivated by Realex.","Der Account wurde von Realex deaktiviert."
"The alias could not be found.","Der Alias konnte nicht gefunden werden."
"The alias has been deleted.","Der Alias wurde gelöscht"
"The alias transaction could not be conductet with error code: !code, and reason: !reason:","Die Alias Transaktion konnte nicht durchgeführt werden. Fehlermeldung: !code und Grund: !reason."
"The amount cannot be charged on the customer's card.","Der Betrag kann der Karte des Kundern nicht belastet werden."
"The amount cannot be charged on your card.","Der Betrag kann der Karte nicht belastet werden."
"The amount could not be verified.","Der Betrag konnte nicht verifiziert werden."
"The amount in the choosen currency could not be charged.","Der Betrag kann in der angegenen Währung nicht abgebucht werden."
"The amount in the given currency could not be charged.","Der Betrag kann in der angegenen Währung nicht abgebucht werden."
"The amount of !amount is authorized.","Der Betrag von '!amount' wurde autorisiert."
"The amount of !amount is captured.","Der Betrag von !amount ist verbucht."
"The authorizaltion could not be done.","The authorizaltion could not be done."
"The authorization at the bank failed.","Die Autorisierung bei der Bank ist fehlgeschlagen."
"The authorization could not be done.","Die Autorisierung konnte nicht durchgeführt werden."
"The authorization failed. May be the Switch Card isssue number is wrong.","Die Autorisation ist fehlgeschlagen. Möglicherweise ist die Ausstellungsnummer der Switch Card falsch."
"The authorization method '!method' is not supported.","Die Autorisierungsmethode '!method' ist nicht unterstützt."
"The authorization was not successful","Autorisierungsfehler. Die Autorisierung war nicht erfolgreich."
"The bank has a scheduled maintenance outage.","Die Bank führt eine geplante Wartungsunterbrechung durch."
"The bank refuse the transaction. Reason: !reason","Die Bank hat die Transaktion abgelehnt. Grund: !reason"
"The bank reports an unkown error.","Die Bank meldet einen unbekannten Fehler."
"The bank system seems to be down to an unkown reason.","Das Banksystem ist aus unbekanntem Grund nicht erreichbar."
"The brand of the credit card is detected by the card number if hidden authorization is used. If the payment page is used, the user has to select the brand. The allowed credit card brands can be restricted by this setting.","Der Kreditkartenanbieter wird anhand der Kartennummer falls Hidden Authorization benutzt wird. Wird die Zahlungsseite (Payment Page) benutzt, muss der Nutzer den Anbieter manuell auswählen. Über diese Einstellung können auch die akzeptierten Kreditkartenanbieter eingeschränkt werden."
"The brand of the credit card is detected by the card number if server/remote authorization is used. If the payment-page/redirect is used, the user has to select the brand. The allowed credit card brands can be restricted by this selection.","Der Kreditkartenanbieter wird anhand der Kartennummer identifiziert, wenn Server/Remote Autorisierung benutzt wird. Wird die Payment Page/Redirect benutzt, muss der Nutzer den Anbieter auswählen. Die akzeptierten Kreditkarten können über diese Einstellung eingeschränkt werden."
"The brand with external name '!key' was not present in the map.","Der Kreditkartenbrand mit dem Namen '!key' konnte nicht zugeordnet werden."
"The brand with key '!key' was not found in the card information map.","Der Kreditkarten Brand mit dem '!key' wurde nicht gefunden in der Karteninformationsmap."
"The calculated and returned hash do not match.","Die berechnete und der erhaltene Hash-Wert stimmen nicht überein."
"The cancellation could not be conducted. Error code: !error.","Die Stornierung konnte nicht durchgeführt werden. Fehlercode: !error."
"The capture amount (!captureAmount) cannot be greater than the authorized amount (!authorizedAmount).","Der Verbuchungsbetrag von '!captureAmount' kann nicht grösser sein als der autorisierte Betrag von '!authorizedAmount'."
"The capture item with SKU '@sku' has a higher amount (@amountItem) as the original item (@amountOriginal).","Der verbuchte Artikel mit der Bestandseinheit @sku hat einen höheren Wert (@amountItem) als der ursprüngliche Artikel (@amountOriginal)."
"The capture item with SKU '@sku' is not present in the original order.","Der verbuchte Artikel mit der Bestandseinheit @sku ist in der ursprünglichen Bestellung nicht vorhanden."
"The capturing could not be conducted. Error code: !error.","Die Verbuchung konnte nicht durchgeführt werden. Fehlercode: !error."
"The card brand selection is automatically done depending on the entered card number. If no Javascript is active in the browser, a drop down is shown. In case JavaScript a the brand logos can be shown. Should the brand selection using images?","Die Auswahl des Kartenanbieters wird abhängig von der eingegebenen Kartennummer automatisch durchgeführt. Falls JavaScript im Browser nicht aktiviert ist, wird ein Dropdown-Menü angezeigt. Ist JavaScript aktiv, können die Logos der Anbieter gezeigt werden, sofern die Image Brand Selection aktiviert ist."
"The configuration has been saved.","Die Konfiguration wurde gespeichert."
"The configured merchant was not found.","Der angegebene Händler konnte nicht gefunden werden."
"The controller class '@controller' does not provide any method with annotation 'Customweb_Payment_Endpoint_Annotation_ExtractionMethod' and valid output.","Die Controller Class '@controller' bietet keine Methode mit der Beschriftung 'Customweb_Payment_Endpoint_Annotation_ExtractionMethod' und gültigem Output."
"The customer does not finish the payment with in the timeout.","Der Kunde hat die Zahlung nicht innerhalb des Timeouts abgeschlossen."
"The customer's card has been cancelled.","Die Karte des Kunden ist nicht mehr gültig."
"The customer's card is expired.","Die Karte des Kunden ist abgelaufen."
"The customer's card number seems to be invalid.","Die Kartennummer des Kunden scheint ungültig zu sein."
"The customer's has been declined by a unkown reason.","Die Karte des Kunden ist aus unbekanntem Grund abgelehnt worden."
"The customers's card is reported to be stolen or lost.","Die Karte des Kunden ist als gestohlen oder verloren gemeldet."
"The date of birth is required.","Das Geburtsdatum muss angegeben werden."
"The entered CVC is too short.","Der angegebene CVC Code ist zu kurz."
"The expected format is '!format' where the 'MM' means the month number and 'YY' the year number.","Das Ablaufdatumsformat ist '!format', wobei 'MM' für den Monat steht und 'YY' für das Jahr."
"The expiry date is in a invalid format.","Das Ablaufdatum ist ungültig"
"The field '!field' is to short. It should be (at least) !length characters long. Please contact us to check why your order fails.","Das Feld !field ist zu kurz. Es sollte mindestens !lenght Zeichen lang sein. Bitte kontaktieren Sie uns um herauszufinden, warum Ihre Bestellung nicht verarbeitet werden kann."
"The gender is required.","Geschlecht muss angegeben werden."
"The given CVC code has the wrong length.","Der angegebene CVC Code hat eine ungültige Länge."
"The given card number has an invalid check sum.","Die angegebene Kartennummer hat eine ungültige Check Summe."
"The given card number has an invalid length.","Die angegebene Kartennummer hat eine ungültige Länge."
"The given hmac key is empty.","Der HMAC Key ist ungültig."
"The given identifier is empty.","Der Identifier ist ungültig."
"The given password is empty.","Das Passwort ist ungültig."
"The given rang is empty. It must be a nummeric value with length of two.","Der gegebene Rang ist leer. Er muss eine zweistellige Nummer sein."
"The given rang is invalid. It must be a nummeric value with length of two.","Der gegebene Rang ist ungültig. Er muss eine zweistellige Nummer sein."
"The given site number is empty.","Es wurde keine Seitenzahl angegeben."
"The identifier as defined in the backoffice of Realex.","Der Identifier, wie er im Realex Backoffice angegeben ist."
"The invoice could not be captured and processed by","Die Rechung konnte bei Realex nicht gebucht und verarbeitet werden"
"The invoice could not be captured and processed. Reason:","Die Rechnung konnte nicht verbucht und verarbeitet werden. Grund: !reason."
"The invoice could not be found.","Die Rechung konnte nicht gefunden werden."
"The invoice has been changed.","Die Rechnung wurde geändert."
"The invoice no longer exists.","Die Rechnung existiert nicht mehr."
"The issuer number for your Switch Card seems to be wrong.","Die Ausstellungsnummer Ihrer Switch Card scheint falsch zu sein."
"The layout does not contain the tag '!layout_tag'.","Das Layout enhält nicht den Tag '!layout_tag'."
"The merchant ID as given by your Payment-Service-Provider (Realex).","Die Händler ID, die Sie von Ihrem Payment Service Provider (Realex) erhalten haben."
"The merchant seems not be authorized to execute the transaction.","Der Händler scheint für die Durchführung dieser Transaktion nicht autorisiert zu sein."
"The next update execution date indicates when the next cron is run to update the transaction state.","Das nächste Ausführungsdatum für upades zeigt Ihnen an, wann der nächste cron für das Update des Transaktionsstatus läuft."
"The order is not fully completed. Please contact the store owner.","Die Zahlung konnte nicht durchgeführt werden."
"The password key given by Realex which is needed in order to perform a refund.","Das Realex Passwort das Sie für die Durchführung von Rückerstattungen benötigen."
"The payment failed. The response data has been tampered. Please contact the merchant.","Die Zahlung ist fehlgeschlagen. Die Rückmeldung wurde manipuliert. Bitte kontaktieren Sie den Händler."
"The payment form will be displayed after submitting the order.","Das Bezahlformular wird nach dem Absenden der Bestellung angezeigt."
"The payment has been accepted.","Die Zahlung wurde akzeptiert"
"The payment has been denied.","Die Zahlung wurde abgelehnt."
"The payment method !paymentMethodName does not support the currency '!currency'.","Die Zahlweise '!paymentMethodName' unterstützt die Währung '!currency' nicht."
"The payment method !paymentMethodName is not available in your country ('!country').","Die Zahlungsmethode '!paymentMethodName' ist in Ihrem Land ('!country') nicht verfügbar."
"The payment update has been made.","Das Zahlungsupdate wurde ausgeführt."
"The paymnet system seems currently to be offline. Please try it later again.","Das Zahlugnssystem scheint zurzeit offline zu sein. Bitte versuchen Sie es später noch einmal."
"The provided signature does not match with the one calculated.","Die eingegeben Signatur stimmt nicht mit der berechneten Signatur überein."
"The rang (PBX_RANG) as defined in the live backoffice of Realex. It must be nummeric value with length two. In the backoffice it may be displayed as a three char value. You must truncate the first digit.","Der Rang (PBX_RANG), wie er im Live Backoffice von Realex_ angegeben ist. Er muss eine zweistellige Nummer sein. Im Backoffice wird er eventuell als dreistelliger Wert angezeigt. Sie müssen die erste Ziffer streichen."
"The redirect response from PayPal was unsuccessful.","Die Weiterleitung von PayPal war nicht erfolgreich."
"The refund item with SKU '@sku' has a higher amount (@amountItem) as the original item (@amountOriginal).","Der zurückerstattete Artikel mit der Bestandseinheit @sku hat einen höheren Betrag (@amountItem) als der ursprüngliche Artikel (@amountOriginal)."
"The refund item with SKU '@sku' is not present in the original order.","Der zurückerstattete Artikel mit der Bestandseinheit @sku ist in der ursprünglichen Bestellung nicht enthalten."
"The refunding could not be conducted. Error code: !error.","Die Rückerstattung konnte nicht durchgeführt werden. Fehlercode: !error."
"The response hash seems to be manipulated, hence the transaction was rejected.","Der Rückmeldungs-Hash wurde manipuliert, weshalb die Transaktion abgewiesen wurde."
"The response seems to be manipulated, hence the transaction was rejected.","Die Transaktion wurde abgewiesen, da die Rückmeldung manipuliert zu sein scheint."
"The retailer is not known.","Der Händler ist unbekannt."
"The shopping cart has been altered!","Der Warenkorb wurde verändert!"
"The signature could not be verified.","Die Signatur konnte nicht verifiziert werden."
"The signature key given by Realex .","Der Signature Key von Realex"
"The site id (PBX_RANG) as defined in the backoffice of Realex.","Die Site ID (PBX_RANG) wie Sie im Backoffice von Realex angegeben ist."
"The total refund amount (!totalRefundedAmount) cannot be greater than the captured amount (!capturedAmount).","Der Totale gutzuschreibende Betrag von '!totalRefundedAmount' kann nicht grösser sein als der verbuchte Betrag von '!capturedAmount'."
"The transaction cannot be cancelled online.","Die Transaktion kann nicht online storniert werden."
"The transaction cannot be captured online.","Die Transaktion kann nicht online erfasst werden."
"The transaction cannot be refunded online.","Die Transaktion kann nicht online zurückerstattet werden."
"The transaction failed due to an unkown reason.","Die Transaktion ist aus unbekannten Gründen fehlgeschlagen"
"The transaction failed with error code !code.","Die Transaktion ist fehlgeschlagen. Fehlermeldung: !code"
"The transaction is only executed in the test system. The goods should not be delivered.","Die Transaktion wird nur im Testsystem durchgeführt. Die Waren sollen nicht geliefert werden."
"The transaction was not valid. The bank refuse it.","Die Transaktion war ungültig. Die Bank hat sie abgelehnt."
"The transactions with one of the selected CVN Reuslts will be marked as uncertain. (Here Realex-Payment recommend 'CVN Not Matched' and 'CVN Not Processed')","Die Transaktionen mit einer der ausgewählten CVN Resultate wird als unsicher markiert. (Hier empfiehlt Realex 'CVN Not Matched' oder 'CVN Not Processed'.)"
"The transactions with one of the selected CVN Reuslts will be marked as uncertain. (Here Realex recommend 'CVN Not Matched' and 'CVN Not Processed')","The transactions with one of the selected CVN Reuslts will be marked as uncertain. (Here Realex recommend 'CVN Not Matched' and 'CVN Not Processed')"
"The whole transaction is cancelled.","Die gesamte Transaktion wurde storniert."
"There has been a problem during the processing of your payment.","Während der Verarbeitung der Zahlung ist ein Problem aufgetreten."
"There has been a problem during the processing of your payment. Please contact the shop owner to make sure your order was placed successfully.","Während der Verarbeitung der Zahlung ist ein Problem aufgetreten. Bitte kontaktieren Sie den Shop-Betreiber um sicherzugehen, dass die Bestellung erfolgreich erfasst wurde."
"There is a problem with your license. Please contact us (www.sellxed.com/support). Reason: %1","Es besteht ein Problem mit Ihrer Lizenz. Bitte kontaktieren Sie uns (www.sellxed.com/support). Reason: %1"
"There is a problem with your license. Please contact us (www.sellxed.com/support). Reason: %s","There is a problem with your license. Please contact us (www.sellxed.com/support). Reason: %s"
"There is already a customer registered using this email address. Please login using this email address or enter a different email address to register your account.","Es ist bereits ein Kunde mit dieser E-Mail-Adresse registriert. Bitte mit dieser E-Mail-Adresse anmelden, oder eine andere E-Mail-Adresse eingeben um ihren Account zu registrieren."
"There occours a network outage at the bank side.","Auf seiten der Bank ist ein Netzwerkausfall aufgetreten."
"There occours an error with the payment system.","Beim Zahlungssystem ist ein Fehler aufgetreten."
"There seems to be a problem with the Realex module.","Es scheint ein Problem mit dem Realex-Modul  zu geben."
"There seems to be an error in the implementation of the payment module. Details: '!details'.","Es scheint ein Problem bei der Implementation des Zahlungsmoduls gegeben zu haben. Details: '!details'."
"There seems to be an error of your Realex account. Details: '!details'.","Es scheint ein Problem mit Ihrem Realex Account zu geben. Details: '!details'."
"There was an error validating the login and password.","Ein Fehler ist bei der Validierung der Logindaten und des Passworts aufgetreten."
"There was no PayPal token returned. Please contact your merchant.","Es wurde kein PayPal Token zurückgesendet. Bitte kontaktieren Sie den Händler."
"This URL has to be placed in the backend of Realex under Configuration > Technical Information > Transaction Feedback and their in the two fields for 'Direct HTTP server-to-server request'.","Diese URL muss im Backend von Realex in die zwei Felder für 'Direct HTTP server-to-server request' unter Configuration > Technical Information > Transaction Feedback  eingefügt werden."
"This URL has to be reported to Realex. The transaction notification must be sent to this URL.","Diese URL muss an Realex weitergeleitet werden. Die Transaktionsbenachrichtigung muss an diese URL gesendet werden."
"This account is not confirmed. <a href=""%s"">Click here</a> to resend confirmation email.","Dieser Account ist nicht verifiziert. <a href=""%s"">Klicken Sie hier</a> um die Bestätigungsemail erneut zu versenden."
"This is a brief instruction of the main and most important installation steps, which need to be performed when installing the Realex module. For detailed instructions regarding additional and optional settings, please refer to the enclosed instructions in the zip.","Hier finden Sie eine Kurzinstruktion durch die wichtigsten Schritte, welch es bei der Installation des Realex  Moduls zu beachten gilt. Eine ausführliche Anleitung zu den einzelnen Einstellung entnehmen Sie bitte der im Zip beigelegten Anleitung."
"This is the URL required by the Skin Creator","Diese URL wird von Skin Creator benötigt."
"This is the name of the account holder).","Der Name des Kontoinhabers."
"This is the technical alias token (Alias Manger/Realvault).","Technischer Alias Token (Alias Manager/RealVault)"
"This password is used for recurring payments and for the alias manager as well as for the server authorization. This is the password of the Realex account.","Dieses Passwort wird für wiederkehrende Zahlungen sowie für den Alias Manager und die Service Autorisierung benutzt. Dies ist das Passwort für den Realex Account."
"This setting can be used to activate resp. deactivate the 3D secure check. Please check with PayBox if you are allowed to deactivate the 3D secure check. This setting has only an effect when you use the payment page.","Anhand dieser Einstellung können Sie die 3D Secure Überprüfung aktivieren bzw. deaktivieren. Bitte fragen Sie bei Paybox an, ob sie 3D Secure deaktivieren dürfen. Diese Einstellung ist nur relevant, wenn Sie Payment Page benutzen."
"This status is set, when the payment was successfull and it is authorized.","Dieser Status wird vergeben, wenn eine Zahlung erfolgreich war und autorisiert wurde."
"This transaction is already closed for further captures.","Diese Transaktion ist bereits geschlossen und es können keine weiteren Buchungen vorgenommen werden."
"This transaction is already closed for further refunds.","Diese Transaktion wurde für weitere Gutschriften bereits geschlossen."
"This transaction no longer exists.","Diese Transaktion existiert nicht mehr."
"Timeout for pending payments (min)","Timeout für ausstehende Zahlungen (Min.)"
"Titel","Titel"
"Title","Titel"
"Title of the payment method","Name der Zahlungsmethode"
"To use the RealVault some banks require additional security measures to make sure that the customer account can not be used by an attacker. With this option you can control, what measure is applied. Either the CVC can be asked always or the delivery address is checked, if it is the same as in the initial transaction.","Um ReaulVault zu benutzen benötigen manche Banken zusätzliche Sicherheitsmassnahmen um sicherzustellen, dass der Kundenaccount nicht missbraucht werden kann. Mit dieser Option können Sie festlegen, welche Massnahmen angewendet werden sollen. Entweder kann die CVC abgefragt werden oder die Lieferadresse wird auf Übereinstimmung mit der ersten Bestellung überprüft."
"Total","Total"
"Total Shipping Charges","Total Lieferkosten"
"Track order history","Getätigte Bestellungen verfolgen"
"Transaction","Transaktion"
"Transaction Authorized","Transaktion autorisiert"
"Transaction Cancelled","Transaktion storniert"
"Transaction Captured","Transaktion verbucht"
"Transaction History","Transaktionsverlauf"
"Transaction ID Prefix","Präfix für die Transaktions-ID"
"Transaction Id","Transaktions-ID"
"Transaction Paid","Transaktion bezahlt"
"Transaction Uncertain","Transaktion ist unsicher"
"Transaction Updates","Transaktionsupdates"
"Transaction cancelled successfully","Die Transaktion wurde erfolgreich abgebrochen."
"Transaction captured successfully","Die Transaktoin wurde erfolgreich verbucht."
"Transaction history","Transaktionsübersicht"
"Transaction was authorized over the deferred authorization mechanism.","Die Transaktion wurde über den verzägerten Autorisierungsmechanismus autorisiert."
"Transactions","Transaktionen"
"Transactions with one of the selected statuses will be marked as certain. Uncertain transactions need manual confirmation by the merchant. This service only works for UK cardholders as it uses the street address and postcodes of the cardholders. The Realauth redirect service supports AVS where it is supported by the merchant’s acquiring bank and the cardholder’s issuing bank. If a transaction fails an AVS check it will not automatically be declined by your bank. It is an advisory service and requires that the details of non matched transactions be checked by the merchant.","Transaktionen mit einem der ausgewählten Status werden als unsicher markiert. Unsichere Transaktionen benötigen eine manuelle Konfirmation durch den Händler. Dieses Angebot gilt nur für Karteninhaber aus Grossbritannien, da es Strassennamen und Postleitzahlen benutzt. Der Realauth Redirect Service unterstützt AVS sofern es auch von der Bank des Händlers und der Bank des Karteninhabers akzeptiert wird. Falls der AVS Check einer Transaktion fehlschlägt, wird diese nicht automatisch von Ihrer Bank abgelehnt. Es ist ein beratender Service und die Details der Transaktion müssen vom Händler überprüft werden."
"Transactions with one of the selected statuses will be marked as certain. WARNING: Uncertain transactions by the definition of Realex Payments (default value) are not covered by the credit card company, the merchant carries the risk. Nevertheless some merchants prefer to take some risk instead of checking uncertain transactions manually.","Transaktionen mit einem der gewählten Status werden als sicher markiert. WARNUNG: Von Realex als unsicherer definierte Transaktionen (Standardwert) werden von dem Kreditkartenunternehmen nicht versichert, der Händler trägt das Risiko. Dennoch entscheiden sich einige Händler dafür, dieses Risiko einzugehen anstatt unsichere Transaktionen manuell zu überprüfen."
"U: Unable to check (not certified etc)","U: Unable to check (not certified etc.)"
"URLs","URLs"
"Unable to save the invoice.","Die Rechnung konnte nicht gespeichert werden."
"Uncertain Status","Unsicherer Status"
"Uncertain transactions","Unsichere Transaktionen"
"Update","Update"
"Update Qtys","Menge aktualisieren"
"Update interval for payments","Update Intervall für Zahlungen"
"Update order and transaction information over cron.","Bestellung- und Transaktionsinformationen über Cron aktualisieren."
"Update process by accessing the update URL or by invoking in the admin interface.","Prozess aktualisieren durch Zugriff auf die Update URL oder durch Aufruf der Administrationsoberfläche"
"Use Base Currency","Basiswährung verwenden"
"Use Default","Standardeinstellungen benutzen"
"Use base currency","Zahlung in der Standard Währung setteln."
"VISA","VISA"
"Validation","Validierung"
"Version","Version"
"View","Anzeigen"
"Wait On Success Page","Auf der Success Seite warten"
"We can not process the 3-D secure response, because we do not get the additional data transmitted with the redirection to the ACS service.","Wir können die 3D Secure Antwort nicht verarbeiten, da wir die durch die Weiterleitung zum ACS Service übermittelten Daten nicht erhalten haben."
"We cannot get the transaction instance.","Wir können keine Transaktions-Instanz laden."
"We experienced a problem with your sellxed payment extension. For more information, please visit the configuration page of the plugin.","Es gibt ein Problem mit Ihrem Zahlungsmodul. Für mehr Informationen, besuchen Sie für die Informationsseite des Plugins."
"When the store is not available (network outage, server failure or any other outage), when the feedback of Realex is sent, then the transaction state is not updated. Hence no order confirmation e-mail is sent and the order is not in the paid state. By activating the transaction update, such transactions can be authorized later over direct link. To use this feature the update service must be activated and the API username and the API password must be set.","Wenn der Shop nicht erreichbar ist (Netzwerk- Serverausfall o.ä.) während das Feedback von  Realex gesendet wird, wird der Transaktionsstatus nicht aktualisiert. Daher wird keine Bestätigungsmail für die Bestellung verwand und die Bestellung hat noch nicht den Status 'bezahlt'. Indem Sie Transaktionsupdates aktivieren, können solche Transaktionen über einen direkten Link aktualisiert werden. Um diesen Service zu nutzen, muss der Update Service aktiviert sein und der API Nutzername sowie das Passwort müssen festgelegt sein."
"When using an external checkout, the customer can either be asked to chose an option to authenticate (as guest, register or login) or he can always be checked out as guest. For the second option to work, guest checkout has to be enabled in magento.","Beim externen Checkout mit Adressübergabe hat der Kunde nach der Rückkehr aus dem Wallet die Möglichkeit sich einzuloggen (als gast, ein Konto erstellen oder mit den bestehenden Kundenkonto einloggen). Alternativ können Sie den Kunden zwingen immer als Gastkunde auszuchecken. In diesem Fall muss aber in Magento Gast Checkout als Option aktiviert sein."
"With this option set to yes, all valid transactions will be marked as certain. WARNING: Uncertain transactions by the definition of Realex (default value) are not covered by the credit card company, the merchant carries the risk. Nevertheless some merchants prefer to take some risk instead of checking uncertain transactions manually.","Wenn Sie hier Ja einstellen, werden alle gültigen Transaktionen als sicher markiert. WARNUNG: Per Definition von Realex unsichere Zahlungen (Standardwert) sind nicht durch den Kreditkartenanbieter versichert, der Händler trägt das Risiko. Dennoch ziehen es einige Händler vor, dieses Risiko einzugehen anstatt unsichere Transaktionen manuell zu überprüfen."
"With this setting set to active, an AVS-Check (Address Verification System) is carried out. According to your AVS-Settings.","Ist diese Einstellung auf aktiv gesetzt, wird ein AVS-Check (Address Verification System) anhand Ihrer AVS-Einstellungen durchgeführt."
"With this setting set to active, you customers credit card credential will be stored safely at Realex. A token refering to the stored information is stored together with the corresponding customer data. That way your customer only need to type the minimum amount of data. Realex takes charges for the RealVault-Service. Please make sure to activate RealVault at Realex first.","Ist diese Einstellung aktiv, werden die Kreditkartenangaben Ihres Kunden sicher bei Realex gespeichert. Ein Token mit Verweis auf die gespeicherte Information wird gemeinsam mit den dazugehörigen Kundendaten gespeichert. Auf diese Weise muss der Kunde nur wenige Daten erneut eingeben. Realex verrechnet den RealVault Service. Bitte aktivieren Sie RealVault zuerst bei Realex."
"Year","Jahr"
"Yes","Ja"
"Yes, please store my card data for next time.","Yes, please store my card data for next time."
"Yes, use images for the brand selection.","Logos für die Auswahl des Kartenanbieters benutzen."
"You are not allowed to do this transaction.","Sie sind nicht berechtig, diese Transaktion durchzuführen."
"You can allow the customers to manage/delete their aliases in the their account.","Sie können Ihren Kunden gestatten ihre Aliasse auf ihrem Konto zu verwalten/löschen."
"You can decide on the order status new orders should have after they are processed successfully.","Definieren Sie den Bestellstatus für Bestellungen, welche erfolgreich verarbeitet wurden."
"You can decide on the order status new orders should have that have an uncertain authorization status.","Definieren Sie den Bestellstatus für Bestellungen mit einer unisicheren Autorisierung."
"You can specify the order status for new orders that have an uncertain authorisation status.","Sie können den Status von Bestellungen mit unsicherem Autorisationsstatus definieren."
"You can specify the order status for orders that are captured either directly after the order or manually in the backend.","Sie können den Status von Bestellungen definieren, die entwerder direkt nach der Bestellung oder manuell im Backend verbucht werden."
"You can specify the order status when an order is cancelled.","Sie können den Status von abgebrochenen Bestellungen definieren."
"You can switch between test and live mode. In the test mode, test cards will be available and the transactions will go to the test-sub-acounts.","Sie können zwischen dem Livemodus und dem Testmodus wechseln. Im Testmodus werden Testkarten erhältlich sein und Transaktionen werden durch die Testunterkonten verarbeitet."
"You created the order.","Sie haben die Bestellung aufgegeben."
"You have no stored aliases.","Sie haben keine gespeicherten Aliasse."
"You have to enter a card number.","Sie müssen eine Kartennummer eingeben"
"You have to enter bank code of your bank.","Sie müssen den Bankcode Ihrer Bank eingeben"
"You have to enter commercial number of you company.","Sie müssen die Handelsregisternummer Ihrer Firma eingeben"
"You have to enter either the CVC code or the issue number of your card.","Bitte geben Sie entweder den CVC oder die Ausgabenummer Ihrer Karte ein."
"You have to enter sales tax number of you company.","Bitte tragen Sie hier die Steuernummer Ihrer Firma ein."
"You have to enter sales tax number of your company.","Bitte geben Sie die Umsatzsteuer-Identifikationsnummer ein."
"You have to enter the BIC.","Sie müssen die BIC eingeben."
"You have to enter the CVC code from your card.","Sie müssen den CVC Ihrer Karte eingeben."
"You have to enter the IBAN.","Sie müssen die IBAN Ihres Bankkontos eingeben"
"You have to enter the account holder name on the card.","Sie müssen den Kontoinhaber angeben."
"You have to enter the account holder name.","Bitte geben Sie den Kontoinhaber an."
"You have to enter the card holder name on the card.","Bitte geben Sie den Namen des Karteninhabers ein"
"You have to enter the location of your bank.","Bitte geben Sie den Standort Ihrer Bank ein."
"You have to enter the name of the account owner.","Bitte geben Sie den Namen des Kontoinhabers an."
"You have to enter the name of your bank.","Sie müssen den Namen Ihrer Bank eingeben."
"You have to enter your IBAN Number.","Sie müssen die IBAN Ihres Bankkontos eingeben"
"You have to enter your bank account number.","Bitte geben Sie die IBAN Ihres Bankkontos ein."
"You have to enter your social security number.","Bitte geben Sie hier Ihre Sozialversicherungsnummer ein."
"You may choose one of the cards you paid before on this site.","Sie können aus einer der bereits gespeicherten Karten auswählen."
"You may choose one of your stored payment details.","Wählen Sie eine der gespeicherten Zahlungsinformationen zur Zahlung."
"You may need to contact Realex for further assistance.","Bitte kontaktieren Sie Realex für zusätzliche Hilfe."
"You trying to use live cards on the test system. Please use only test cards.","Sie versuchen Live Karten im Testsystem zu verwenden. Bitte benutzen Sie ausschliesslich Testkarten."
"You will be redirect to the order confirmation page.","Sie werden zur Bestätigungsseite weitergeleitet"
"You will be redirect to your bank to confirm the payment.","Sie werden zu Ihrer Bank weitergeleitet um die Zahlung zu bestätigen."
"Your browser does not allow the execution of JavaScript. Please activate JavaScript in your browser and reload this page.","Ihr Browser hat keine JavaScript Unterstützung. Bitte aktivieren Sie JavaScript oder wechseln Sie den Browser."
"Your card has been cancelled.","Ihre Karte ist nicht mehr gültig."
"Your card has been declined by a unkown reason.","Die Karte ist aus unbekanntem Grund abgelehnt worden."
"Your card is expired.","Ihre Karte ist abgelaufen."
"Your card is not enrolled for 3-D secure. The merchant accepts only cards which are enrolled.","Ihre Karte ist nicht für 3D Secure angemeldet. Der Händler akzeptiert ausschliesslich Karten, die angemeldet sind."
"Your card number seems to be invalid.","Ihre Kartennummer ist ungültig"
"Your card seems to reported as stolen or lost.","Die Karte des Kunden ist als gestohlen oder verloren gemeldet."
"Your checkout session expired.","Ihre Sitzung ist abgelaufen."
"Your fraud settings prevents the acceptance of this transaction.","Ihre Sicherheitseinstellungen verhindern die Freigabe dieser Transaktion."
"Your server IP address is '@IP'.","Die IP Adresse Ihres Servers ist '@IP'."
"RealexCw Aliases","RealexCw Alias"
"____paymentMethodName____","____paymentMethodName____"
"Realex","Realex"
"Realex Aliases","Realex Aliasse"
"Realex Error","Realex Fehler"
"Realex Parameters","Realex Parameter"
"Realex Refund Items","Realex Gutschriftsartikel"
"Realex Section","Realex Sektion"
"Realex Transactions","Realex Transaktion"
"Realex provision in some cases a special merchant ID for MoTo (mail-/telefon-order) transaction. In case you want to use MoTo and you receive such a merchant ID, then fill it here. Otherwise leave this field empty.","Realex vergibt ein einigen Fällen eine spezielle Merchant ID für MoTo-Transaktionen (eMail-/Telefonbestellungen). Falls Sie MoTo benutzen möchten und eine solche ID erhalten haben, tragen Sie sie hier ein. Andernfalls können Sie dieses Feld leer lassen."
"Realex: Alias Management","Realex: Alias Management"
"customweb ltd","customweb GmbH"
"no","Nein"
"or","oder"
"yes","Ja"
