"* Required Fields","* Required Fields"
"-- No Status Change --","-- No Status Change --"
"3D Secure","3D Secure con éxito"
"3D Secure Authentication","3D Secure Authentication"
"3D Secure failed","3D Secure fallado"
"3D Secure sucess","3D Secure con éxito"
"3DSecure Setting","3DSecure Setting"
"A authorized transaction cannot be authorized again.","Una transacción autorisada no puede ser autorisada otra vez"
"A authorized transaction cannot be marked as failed.","Una transacción autorizada no puede ser marcado como fallada"
"A cancelled transaction cannot be authorized.","Una transacción cancelada no puede ser autorizada"
"A cancelled transaction cannot be cancelled again.","Una transacción cancelada no puede ser cancelada otra vez"
"A cancelled transaction cannot be captured.","Una transacción cancelada no puede ser contabilizada"
"A cancelled transaction cannot be marked as failed.","Una transacción cancelada no puede ser marcado como fallada"
"A cancelled transaction cannot be refunded.","Una transacción cancelada no puede ser reembolsada"
"A captured transaction cannot be authorized.","Una transacción contabilizada no puede ser autorizada"
"A captured transaction cannot be cancelled.","Una transacción contabilizada no puede ser cancelada"
"A captured transaction cannot be marked as failed.","Una transacción contabilizada no puede ser marcado como fallada"
"A failed authorization cannot be authorized.","Una autorización fallada no puede ser autorizada"
"A payment method may not available for customers from different counties. You can decide when this availability check should happen. We recommend to set it during authorization","Algunos métodos de pago no están permitidos para ciertos países. Usted puede decidir en qué momento la verificación de disponibilidad se va a realizar. Recomendamos 'Durante la autorización'."
"A refund was added over !amount.","Un reembolso se añadió durante  !amount."
"A transaction may be uncertain, when the payment is not guaranteed. For example in case the credit card does not participate in the 3D procedure.","Una transacción puede ser incierto, cuando no se garantiza el pago. Por ejemplo en el caso de la tarjeta de crédito no participa en el procedimiento de 3D​​."
"AVS Address Check","AVS Address Check"
"AVS Post Code Check","AVS Post Code Check"
"AVSManager Address Settings","AVSManager Address Settings"
"AVSManager Post Code Settings","AVS-Manager Configuración CP"
"About","About"
"Account Holder","Titular de la Cuenta"
"Account Holder Name","Titular de la cuenta Nombre"
"Account owner name.","Nombre del titular"
"Action","Acción"
"Actions","Actions"
"Activate","Activate"
"Activate AVS-Manager","Activar AVS-Manager"
"Activate RealVault","Activar RealVault"
"Activate the payment method and test.","Activate the payment method and test."
"Active","Activo"
"Additional Information","Additional Information"
"Address Verification Result. <br>(M (Matched) <br>N (Not Matched) <br>I (Problem with check) <br>U (Unable to check (not certified etc)) <br>P (Partial Match))","Verificación de la dirección de Resultados. <br>(M (Matched) <br>N (Not Matched) <br>I (Problem with check) <br>U (Unable to check (not certified etc)) <br>P (Partial Match))"
"Adjust Qty","Ajuste de cantidad"
"Adjustment Discount","Adjustment Discount"
"Adjustment Fee","Adjustment Fee"
"After payment selection","Después de elegir la forma de pago"
"Ajax authorization not supported.","Autorización Ajax no es compatibl"
"Alias","Alias"
"Alias For Display","Alias ​​para la exhibición"
"Alias Id","Alias Id"
"Alias Token","Alias Token"
"All Customers","All Customers"
"Allow only 3DSecure transactions (Very strict)","Permitir sólo 3DSecure transacciones (muy estricta)"
"Allowed Currencies","Allowed Currencies"
"Allowed currencies for this payment method","Moneda permitida para esta forma de pago"
"Already registered?","Already registered?"
"Always Checkout as Guest","Always Checkout as Guest"
"American Express","American Express"
"Amount","Montante"
"Amount Incl. Tax","Amount Incl. Tax"
"An unkown error occurs. Details: '!details'.","Se ha producido un error desconocido. Detalles: '!details'."
"Are you sure you want to cancel this order?","Are you sure you want to cancel this order?"
"Ask for the CVC","Pregunte por el CVC"
"At this point the PaRes-URL parameter must be given.","En este punto se debe dar el parámetro PaRes-URL."
"Author","Author"
"Authorization Amount","Importe de autorisación"
"Authorization Failed","Autorisación fallada"
"Authorization Method","Método de autorización"
"Authorization is uncertain.","Autorización está incierta"
"Authorized Status","Authorized Status"
"Await Notification","Await Notification"
"Awaiting confirmation","Awaiting confirmation"
"BIC","BIC"
"Bad signature format.","Bad signature format."
"Bank Location","Banco Ubicación"
"Bank Name","Nombre del banco"
"Bank account number","Número de cuenta bancaria"
"Bank code number","Código bancario"
"Before payment selection","Antes de elegir la forma de pago"
"Billing Address","Billing Address"
"Billing Information","Billing Information"
"Billing address","Dirección de facturación"
"Brand Name","Brand Name"
"By setting the capturing the reservation can be captured directly after the order or later manually over the backend of the store.","By setting the capturing the reservation can be captured directly after the order or later manually over the backend of the store."
"CVC Code","CVC código"
"CVN Check Result","CVN Check Result"
"CVN Check Result. <br>(M: CVV Matched), <br>(N: CVV Not Matched), <br>(I: CVV Not checked due to circumstances), <br>(U: CVV Not checked – issuer not certified), <br>(P: CVV Not Processed)","CVN Check Result. <br>(M: CVV Matched), <br>(N: CVV Not Matched), <br>(I: CVV Not checked due to circumstances), <br>(U: CVV Not checked – issuer not certified), <br>(P: CVV Not Processed)"
"CVN Not Matched","CVN Not Matched"
"CVN Not Processed","CVN Not Processed"
"CVN Not checked - issuer not certified","CVN Not checked - issuer not certified"
"CVN Not checked due to circumstances","CVN Not checked due to circumstances"
"CVN Result","CVN Resultado"
"Cancel","Cancel"
"Cancel ID","Cancel ID"
"Cancel operation failed with message: !message","Cancelar Ha fallado la operación con el mensaje: !message"
"Cancel pending orders when out of stock","Cancelar órdenes pendientes si el artículo ya no está en stock"
"Cancel status","Cancelar Estado"
"Canceled RealexCw","Canceled RealexCw"
"Canceling of this payment not possible!","La cancelación de este pago no es posible"
"Cancelled Status","Etapa Cancelado"
"Cannot update item quantity.","No se puede actualizar la cantidad de artículo."
"Capture Amount","Capture Amount"
"Capture ID","Capture ID"
"Capture amount","Cantidad de captura"
"Capture failed with message: !message","Capture ha fallado con el mensaje: !message"
"Capture information","Informaciones de la contabilización"
"Capture status","El estado de captura"
"Capture: Don't Close","Capture: Don't Close"
"Captured Amount","Importe reembolsado"
"Captured Status","Estado Capturado"
"Captures","Captures"
"Captures & Refunds","Captures & Refunds"
"Capturing","Contabilización"
"Capturing / Settlement","Captura / Solución"
"Card Expiration","Fecha de vencimiento de la tarjeta"
"Card Holder Name","Titular de tarjeta"
"Card Number","Número de tarjeta"
"Carrier Title","Carrier Title"
"Check out faster","Check out faster"
"Check the delivery address","Compruebe la dirección de entrega"
"Check to activate the external checkout.","Check to activate the external checkout."
"Checkout","Checkout"
"Checkout as Guest","Checkout as Guest"
"Checkout as a Guest or Register","Checkout as a Guest or Register"
"Checkout as a new customer","Checkout as a new customer"
"Checkout using your account","Checkout using your account"
"Choose settlement after order in case you want an invoice to be created with your oder. The state of the invoice will set according to your capture status","Selecciona 'Creación después del pedido' si quiere que se crea una factura con el pedido. El estado de la factura basa en la el estado contabilización."
"Choose the strictness of your transactions relating to 3DSecure (Options are ordered by stricness).","Elija el rigor de sus transacciones relacionadas con 3D Secure (Opciones están clasificadas por rigor)."
"Choosing the encryption algorithm used for the signature. Realex recommend to use SHA1.","La elección del algoritmo de cifrado utilizado para la firma. Realex recomiendan utilizar SHA1."
"Company Commercial Number","Compañía Número Comercial"
"Confirm Password","Confirm Password"
"Confirm with your acquire that they support recurring sequences of Realex Payments. At this point (2013) only HBOS and Streamline support this. Recurring sequence payments are a lower risk, you will get charged less.","Confirme con su adquisición que soportan secuencias recurrentes de Pagos Realex. En este momento (2013) sólo HBOS y Streamline soportan. Pagos de secuencias recurrentes son un riesgo más bajo, se le cobran menos."
"Continue","Continuar"
"Could not convert object of type '!type' to string.","No se pudo convertir el objeto de tipo '!type' a string."
"Could not find a brand for the given card number.","No se pudo encontrar una marca para el número de la tarjeta dada."
"Could not find pressed button.","No se pudo encontrar el botón presionado."
"Could not find template file at default location '!location'.","No se pudo encontrar el archivo de plantilla en la ubicación predeterminada '!location'."
"Could not find the payment method !paymentMethodName.","No se pudo encontrar la forma de pago !paymentMethodName."
"Could not load layout from URL !url. Reason: !reason","No se pudo cargar el diseño de URL !url. Motivo: !reason"
"Create Account","Create Account"
"Create New Order - Payment","Create New Order - Payment"
"Create a recurring payment, with an existing alias is not supported","Create a recurring payment, with an existing alias is not supported"
"Creating an account has many benefits:","Creating an account has many benefits:"
"Creation Date","Creation Date"
"Credit Card Brands","Marcas de Tarjeta de Crédito"
"Credit Memo History","Credit Memo History"
"Credit Memo Totals","Credit Memo Totals"
"Credit memo's total must be positive.","Total del nota de crédito debe ser positivo."
"Currency","Moneda"
"Current Configuration Scope:","Alcance de configuración actual:"
"Customer Account","Customer Account"
"Customer Alias Management","Customer Alias Management"
"Customer successfully returned from RealexCw","El cliente ha regresado con éxito de RealexCw"
"Customer successfully returned from Realex","Cliente regresó con éxito de Realex"
"Customer sucessfully returned from the RealexCw payment page.","Customer sucessfully returned from the RealexCw payment page."
"Customers","Customers"
"Customweb","Customweb"
"Date","Fecha"
"Date of Birth","Fecha de nacimiento"
"Day","Día"
"Deactivate","Deactivate"
"Dear customer we have received your billing and shipping information. In order to finish your order please create an account below or checkout as guest.","Dear customer we have received your billing and shipping information. In order to finish your order please create an account below or checkout as guest."
"Dear customer, it appears to us that your payment was successful, but we are still waiting for confirmation. You can wait on this page and we will redirect you after we received the confirmation. Or you can close this window and we will send out an order confirmation email.","Dear customer, it appears to us that your payment was successful, but we are still waiting for confirmation. You can wait on this page and we will redirect you after we received the confirmation. Or you can close this window and we will send out an order confirmation email."
"Default Config","Configuración estándar"
"Deferred","Diferido"
"Deferred (authorization)","Deferred (authorization)"
"Deferred capturing","Contabilización retrasada"
"Deferred settlement","Creación retrasada"
"Define a maximal order total for this checkout to be available.","Define a maximal order total for this checkout to be available."
"Define a minimal order total for this checkout to be available.","Define a minimal order total for this checkout to be available."
"Delayed","Retrasado"
"Delete","Borrar"
"Delivery address","Dirección de envío"
"Description","Descripción"
"Diners Club","Diners Club"
"Direct Debits","Direct Debits"
"Direct E-Banking","Direct E-Banking"
"Direct capture after order","Contabilización immediatamente después del pedido"
"Directly after order","Directamente después de la orden"
"Directly after order (sale)","Directly after order (sale)"
"Disabled","Desactivado"
"Discount","Immediatamente después del pedido"
"Discount Amount","Cantidad de Descuento"
"Do nothing (not recommended)","No hacer nada (no recomendado)"
"Do you wish to store your card information?","¿Desea guardar su información de la tarjeta?"
"Don't change order status","No cambie el estado del pedido"
"During authorization","Durante la autorización"
"ECI (Ecommerce Indicator)","ECI (Ecommerce Indicator)"
"ECI Value","ECI Valor"
"ECommerce Indivator (ECI)","E-Commerce Indicator (ECI)"
"Each valid transaction returnes a RealScore (0 - 100). RealScore is Realex’s proprietary Transaction Suitability Scoring (TSS) system. A transaction suitability score is a score assigned to a transaction based on rules configured by you, highlighting potentially suspicious transactions which can be flagged for review. Realscore can also be implemented with automatic transaction checking, where transactions which break certain predefined rules or which return a low score can be automatically declined. The TSS-value set here, acts as a lower bound for transactions. Each transaction with a TSS-value lower as this option will be flagged for review (flagged as uncertain).","Cada transacción válido returnes un RealScore (0 - 100). RealScore es ____ Transacción propietaria de Scoring paymentServiceProviderName____ Idoneidad del sistema (SST). Una puntuación idoneidad transacción es una puntuación asignada a una transacción sobre la base de reglas configuradas por usted, destacando operaciones potencialmente sospechosas que pueden ser marcados para su revisión. Realscore también se puede implementar con la comprobación automática de transacciones, donde las transacciones que se rompen ciertas reglas predefinidas o que devuelven una puntuación baja puede ser disminuyeron de forma automática. El SAT-valor aquí, actúa como un límite inferior para las transacciones. Cada transacción con un TSS-valor inferior ya que esta opción se encuentra en posición de revisión (marcado como seguro).Cada transacción válido returnes un RealScore (0 - 100). RealScore es ____ Transacción propietaria de Scoring paymentServiceProviderName____ Idoneidad del sistema (SST). Una puntuación idoneidad transacción es una puntuación asignada a una transacción sobre la base de reglas configuradas por usted, destacando operaciones potencialmente sospechosas que pueden ser marcados para su revisión. Realscore también se puede implementar con la comprobación automática de transacciones, donde las transacciones que se rompen ciertas reglas predefinidas o que devuelven una puntuación baja puede ser disminuyeron de forma automática. El SAT-valor aquí, actúa como un límite inferior para las transacciones. Cada transacción con un TSS-valor inferior ya que esta opción se encuentra en posición de revisión (marcado como seguro).Cada transacción válido returnes un RealScore (0 - 100). RealScore es ____ Transacción propietaria de Scoring paymentServiceProviderName____ Idoneidad del sistema (SST). Una puntuación idoneidad transacción es una puntuación asignada a una transacción sobre la base de reglas configuradas por usted, destacando operaciones potencialmente sospechosas que pueden ser marcados para su revisión. Realscore también se puede implementar con la comprobación automática de transacciones, donde las transacciones que se rompen ciertas reglas predefinidas o que devuelven una puntuación baja puede ser disminuyeron de forma automática. El SAT-valor aquí, actúa como un límite inferior para las transacciones. Cada transacción con un TSS-valor inferior ya que esta opción se encuentra en posición de revisión (marcado como seguro)."
"Edit","Editar"
"Edit Invoice %s","Edit Invoice %s"
"Email Address","Email Address"
"Empty version number field name","Empty version number field name"
"Enable or disable logging.","Enable or disable logging."
"Enable the payment method","Activar forma de pago"
"Enabled","Activado"
"Encryption algorithm","Algoritmo de cifrado"
"Enter the date on which your card expires.","Introduzca la fecha en la que expira su tarjeta."
"Enter the subaccount you want to use for this shop. You need to contact Realex in order to set up new subaccounts. The default subacount is 'internet'.","Introduzca la subcuenta que desea utilizar para esta tienda. Es necesario ponerse en contacto con Realex el fin de crear nuevas subcuentas. La subcuenta por defecto es 'internet'."
"Error with the length of the validation date.","Error with the length of the validation date."
"Excl. Tax","Excl. impuesto"
"External Checkout","External Checkout"
"External Checkout: Guest Checkout","External Checkout: Guest Checkout"
"Failed","Fallado"
"Failed payment authorization.","Error de autorización de pago."
"Figure !number:","Figure !number:"
"For the Transaction Feedback please send the URL that is generated in the main module to Realex (<a href='mailto:support@realexpayments.com'>support@realexpayments.com</a>)","For the Transaction Feedback please send the URL that is generated in the main module to Realex (<a href='mailto:support@realexpayments.com'>support@realexpayments.com</a>)"
"Force 3DSecure transaction, if customer is enrolled for 3DSecure. If not enrolled go on without 3DSecure.","Transacción Fuerza 3DSecure, si el cliente está inscrito para 3DSecure. Si no está inscrito seguir sin 3DSecure."
"Forgot Your Password?","Forgot Your Password?"
"Forgot your password?","Forgot your password?"
"Full 3D Secure – cardholder enrolled","3D Full Secure - tarjetahabiente inscrito"
"Get Update","Get Update"
"Here you can insert a transaction prefix. The prefix allows you to change the transaction number that is transmitted to Realex. The prefix must contain the tag {id}. It will then be replaced by the order number (e.g. name_{id}).","Aquí usted puede insertar un prefijo transacción. El prefijo le permite cambiar el número de transacciones que se transmite a Realex. El prefijo debe contener la etiqueta {id}. A continuación, se sustituye por el número de orden  (e.g. name_{id})."
"Here you can insert an order prefix. The prefix allows you to change the order number that is transmitted to Authorize.net. The prefix must contain the tag {id}. It will then be replaced by the order number (e.g. name_{id}).","Here you can insert an order prefix. The prefix allows you to change the order number that is transmitted to Authorize.net. The prefix must contain the tag {id}. It will then be replaced by the order number (e.g. name_{id})."
"Here you may enter the shop id added to allow multiple stores with the same Realex account.","Aquí puede entrar en la tienda Identificación agregó para permitir que múltiples tiendas con el mismo Realex cuenta."
"Het kiezen van de encryptie-algoritme dat wordt gebruikt voor de ondertekening. Realex beveelt SHA1 gebruiken.","Het kiezen van de encryptie-algoritme dat wordt gebruikt voor de ondertekening. Realex beveelt SHA1 gebruiken."
"Hide","Hide"
"I: Problem with check","I: Problem with check"
"IBAN","IBAN"
"IBAN number","número IBAN"
"If a product is in stock only once and the payment of the customer ordering this product fails or is aborted, it won't be available until the order is canceled (see timeout option below). Enable this setting to cancel the customer's pending orders when he returns to the cart page and a product is not available anymore.","Si sólo hay una unidad en stock y el pago del cliente (comprando esta unidad) falla, el producto está reservado hasta que la orden esta cancelada (vea la opción de tiempo de espera). Activa esta opción si desea que el producto NO está reservado. Ordenes con un estado de pago fallido o annulado entonces serán canceladas inmediatamente."
"If a product is in stock only once and the payment of the customer ordering this product fails or is aborted, it won't be available until the order is canceled (see timeout option below). Enable this setting to cancel the customer's pending orders when he returns to the cart page and a product is not available anymore. Be careful though: If you enable this option, there is a chance that payments are made with the corresponding order being already canceled.","If a product is in stock only once and the payment of the customer ordering this product fails or is aborted, it won't be available until the order is canceled (see timeout option below). Enable this setting to cancel the customer's pending orders when he returns to the cart page and a product is not available anymore. Be careful though: If you enable this option, there is a chance that payments are made with the corresponding order being already canceled."
"If it is not applicable leave the field empty.","Si no es aplicable deje el campo vacío."
"If the status is 'Pending' it is unclear whether the transaction will be cancelled successfully.","If the status is 'Pending' it is unclear whether the transaction will be cancelled successfully."
"If the status is 'Pending' it is unclear whether the transaction will be captured successfully.","If the status is 'Pending' it is unclear whether the transaction will be captured successfully."
"If the status is 'Pending' it is unclear whether the transaction will be refunded successfully.","Si el estado es pendiente' no está claro si la transacción será devuelto con éxito."
"If the test mode is selected the test account is used. Otherwise the configured account is used.","If the test mode is selected the test account is used. Otherwise the configured account is used."
"If this error persists please contact Realex.","Si este error persiste, póngase en contacto con Realex."
"If you have any issues with the module please feel free to contact us. See our <a href='https://www.sellxed.com/en/support' target='_blank'>support page</a> for more information.","If you have any issues with the module please feel free to contact us. See our <a href='https://www.sellxed.com/en/support' target='_blank'>support page</a> for more information."
"If you select this checkbox, the payment will be captured at the PSP and you can not add additional captures.","If you select this checkbox, the payment will be captured at the PSP and you can not add additional captures."
"If you would like to use recurring payments, you need our magento module ""Customweb Subscription"". For further information go to <a href=""http://www.sellxed.com/shop/"" target=""_blank"">sellxed.com</a>.","If you would like to use recurring payments, you need our magento module ""Customweb Subscription"". For further information go to <a href=""http://www.sellxed.com/shop/"" target=""_blank"">sellxed.com</a>."
"Image Brand Selection","Image Brand Selection"
"In order to be able to open the Payment Page of Realex you must transmit the IP address of your server to Realex.","In order to be able to open the Payment Page of Realex you must transmit the IP address of your server to Realex."
"In some cases it may take a few seconds until the transaction is successfully authorized. When this option is enabled, the notification is awaited.","In some cases it may take a few seconds until the transaction is successfully authorized. When this option is enabled, the notification is awaited."
"In some cases the transaction requires a few seconds until it is successfully authorized. When this option is enabled the user is hold until the transaction reach the final state. If this is not the case in 30 seconds a message is shown to the customer, which explains the situation.","In some cases the transaction requires a few seconds until it is successfully authorized. When this option is enabled the user is hold until the transaction reach the final state. If this is not the case in 30 seconds a message is shown to the customer, which explains the situation."
"Inactive","Inactivo"
"Incl. Tax","Incl. impuesto"
"Information","Information"
"Invalid CVC provided.","CVC no válida siempre."
"Invalid login or password.","Invalid login or password."
"Invoice Items","Artículos factura"
"Invoice Settlement","Invoice Settlement"
"Invoice Totals","Totales de las facturas"
"Invoice settlement","Creación de la factura."
"Invoice was created successfully","La cuenta ha sido creada con éxito"
"Invoices","Facturas"
"Issue Number","Número de emisión"
"It is not possible to checkout in your country.","It is not possible to checkout in your country."
"Item","Item"
"Items","Items"
"Items Refunded","Items Refunded"
"JCB","JCB"
"Laser","Laser"
"Live HMAC Key","Live HMAC Key"
"Live Identifier (PBX_IDENTIFIANT)","Live Identifier (PBX_IDENTIFIANT)"
"Live Mode","Live Mode"
"Live Mode in Live Environment","Modo Live en Live Environment"
"Live Password","Live Password"
"Live Rang (PBX_RANG)","Live Rang (PBX_RANG)"
"Live Site ID (PBX_SITE)","Live Site ID (PBX_SITE)"
"Logging","Logging"
"Login","Login"
"Login & Register","Login & Register"
"Login and password are required.","Login and password are required."
"M: Matched","M: Matched"
"MD5","MD5"
"Mail order/telephone order authorization","Autorización para pedido para e-Mail/pedido telefónico"
"Manage Stores","Administrar las tiendas"
"Manage Realex Aliases","Manage Realex Aliases"
"Mark all Transaction as certain","Marque todas las transacciones como cierta"
"MasterCard","MasterCard"
"Maximum Order Total","Cantidad máxima del pedido"
"Merchant 3D Secure – cardholder not enrolled or attempt to authenticate acknowledged","Merchant 3D Secure - tarjetahabiente no matriculado o intenta autenticar reconocido"
"Merchant ID","ID del comerciante"
"Merchant ID MOTO","Merchant ID MoTo"
"Message","Notificación"
"Method Title","Method Title"
"Minimum Order Total","Cantidad mínima del pedido"
"Month","Mes"
"My Realex Aliases","My Realex Aliases"
"N: Not Matched","N: Not Matched"
"Never use 3DSecure","unca utilice 3D Secure"
"New Order","New Order"
"New Order Status","Estado de orden nuevo"
"New card","New card"
"Next Update Execution Date","Next Update Execution Date"
"No","No"
"No CVC code set.","Ningún conjunto de código CVC."
"No IBAN set.","No establece IBAN."
"No Items","No Items"
"No account holder set.","No establece titular de la cuenta."
"No additional payment information available.","No hay información adicional de pago disponible."
"No authorization method found for payment method !method.","Ningún método de autorización encontrado para el pago al !method."
"No button returned.","Botón no regresó."
"No card expiry month is invalid.","No hay tarjeta de meses de caducidad no es válido."
"No card expiry month set.","No hay tarjeta de juego de meses de caducidad."
"No card expiry year is invalid.","No hay tarjeta de año de caducidad no es válido."
"No card expiry year set.","No hay tarjeta de juego de años de caducidad."
"No card holder set.","Establecida no hay soporte de la tarjeta."
"No refund possible.","Ningún reembolso posible"
"No shipping method needed.","No shipping method needed."
"No, use the dropdown.","No, use the dropdown."
"Non 3D Secure transaction.","Non 3D Secure transaction"
"Notification URL","URL de notificación"
"Only an authorized transaction can be marked as finally declined.","Only an authorized transaction can be marked as finally declined."
"Only an uncertain transaction can be marked as finally declined.","Only an uncertain transaction can be marked as finally declined."
"Only authorized transaction can be cancelled.","Sólo las transacciones autorizadas se pueden cancelar."
"Only authorized transaction can be captured.","Sólo las transacciones autorizadas pueden ser contabilizadas"
"Only authorized transaction can be refunded.","Sólo las transacciones autorizadas pueden ser reembolsadas."
"Only captured transaction can be refunded.","Sólo las transacciones contabilizadas pueden ser reembolsadas"
"Only on captured transaction the flag customer refusing to pay can be set.","Only on captured transaction the flag customer refusing to pay can be set."
"Operation Mode","Modo de funcionamiento"
"Optionally: Activate the 3D-secure.","Optionally: Activate the 3D-secure."
"Optionally: Activate the transaction suitability score.","Optionally: Activate the transaction suitability score."
"Optionally: Alias manager. You need the alias manager in order to use subscriptions.","Optionally: Alias manager. You need the alias manager in order to use subscriptions."
"Order #","Order #"
"Order Grand Total","Gran Total del Pedido"
"Order Information","Order Information"
"Order Prefix","Order Prefix"
"Order Review","Order Review"
"Order Summary","Order Summary"
"Order Total","Order Total"
"Order cancelled, because the customer was too long in the payment process of Realex.","El pedido fue cancelado debido a que el cliente se encuentra demasiado tiempo en el proceso de pago de Realex."
"Order was placed using %s","Order was placed using %s"
"Orders","Orders"
"Orders with with payments that are longer pending than the specified timeout in minutes are cancelled automatically.","Pedidos cuyos pagos quedarán pendiente mayor que el tiempo definido en minutos se cancelarán automáticamente. Para utilizar esta función es necesario configurar Magento cron."
"Our acquire doesn't support Realex-Payments-recurring-sequences.","Our acquire doesn't support Realex-Payments-recurring-sequences."
"Our acquire don't support Realex-Payments-recurring-sequences.","Nuestros compradores no son compatibles con Realex pagos recurrentes consecuencias."
"Our acquire support Realex-Payments-recurring-sequences.","Nuestro apoyo adquieren Realex pagos recurrentes-secuencias."
"P: Partial Match","P: Partial Match"
"Paid Amount","Cantidad pagada"
"Partial refund not possible. You may retry with the total transaction amount.","Reembolso parcial imposible. El importe es mayor que el importe total contabilizado."
"Password","Password"
"Password and password confirmation are not equal.","Password and password confirmation are not equal."
"Pay with ____paymentMethodName____","Pay with ____paymentMethodName____"
"Payment","Payment"
"Payment ID","ID de pago"
"Payment Id","ID de pago"
"Payment Information","Condiciones de venta"
"Payment Method","Forma de pago"
"Payment captured successfully.","Pago capturado con éxito."
"Payment could not be authorized. Cancelling order. Reason :","El pago no fue autorizado. El pedido será cancelado. Razón:"
"Payment details can be entered after placing the order","Detalles del pago se pueden introducir a partir del pedido"
"Payment from Applicable Countries","Payment from Applicable Countries"
"Payment from Specific Countries","Payment from Specific Countries"
"Payment from applicable countries","Pago de países aplicables"
"Payment from specific countries","Pago de países específicos"
"Payment is pending at RealexCw","Pago está pendiente con RealexCw"
"Payment method description","Descripción de la forma de pago"
"Payment with %s","Pago con %s"
"Payment with Realex","Pago con Realex"
"Payments may be updated periodically (interval in minutes). To use this feature you have to setup magento cron","Los pagos se pueden actualizar de forma automática (intervalo en minutos) via API (sie está activado). Para utilizar la función, el Magento Cron debe estar activado."
"Pending","Pendiente"
"Pending RealexCw","Pending RealexCw"
"Place Order","Place Order"
"Please agree to all the terms and conditions before placing the order.","Please agree to all the terms and conditions before placing the order."
"Please check the entered CVC number.","Por favor, compruebe el número de CVC introducido."
"Please check the entered credit card number.","Por favor, compruebe el número de la tarjeta de crédito introducida."
"Please contact the merchant.","Por favor, póngase en contacto con el comerciante."
"Please enter here the Bank Identifier Code (BIC).","Por favor introduzca el Código de identificación bancaria (BIC)."
"Please enter here the CVC code from your card. You find the code on the back of the card.","Por favor, introduzca la CVC su tarjeta. Usted puede encontrar esto en la parte de atrás de su tarjeta de crédito."
"Please enter here the International Bank Account Number (IBAN).","Por favor introduzca el Número de Cuenta Bancaria Internacional (IBAN)."
"Please enter here the account holder name on the card.","Por favor introduzca el nombre titular de la cuenta de la tarjeta."
"Please enter here the account holder name.","Escriba aquí el nombre del titular."
"Please enter here the account number of your bank account.","Introduce el número de cuenta de tu cuenta bancaria."
"Please enter here the bank code of your bank.","Por favor, introduzca su código bancario."
"Please enter here the card holder name on the card.","Por favor indique el titular de la tarjeta a su tarjeta de crédito."
"Please enter here the commercial number of your company.","Por favor introduzca el número comercial de su empresa."
"Please enter here the name of the account owner.","Por favor, introduzca el nombre del titular de la cuenta bancaria"
"Please enter here the number on your card.","Por favor, introduzca su número de tarjeta"
"Please enter here the sales tax number of your company.","Por favor, introduzca aquí el número de impuesto sobre las ventas de su empresa."
"Please enter here your social security number.","Por favor, introduzca aquí su número de seguro social."
"Please enter the BIC number.","Por favor, introduzca el número de BIC."
"Please enter the location of your bank.","Por favor, introduzca la ubicación de su banco."
"Please enter the name of your bank.","Por favor escriba el nombre de su banco."
"Please enter your IBAN number.","Por favor, introduzca su número de IBAN."
"Please enter your issue number, if there is no CVC code on your card.","Por favor, introduzca su número de emisión, si no existe un código CVC de su tarjeta."
"Please flash or disable the cache storage and retry. If this did not help, change the authorization method to PaymentPage and <a href=""%s"" target=""_blank"">contact sellxed</a>.","Please flash or disable the cache storage and retry. If this did not help, change the authorization method to PaymentPage and <a href=""%s"" target=""_blank"">contact sellxed</a>."
"Please flash or disable the cache storage and retry. If this did not help, change the authorization method to PaymentPage and <a href=""%s"" target=""_blank"">contact sellxed</a>.', 'http://www.sellxed.com/en/support","Por favor, parpadear o desactivar el almacenamiento de caché y vuelva a intentarlo. Si esto no ayuda, cambie el método de autorización para PaymentPage y <a href=""%s"" target=""_blank"">contacta sellXed</a>.', 'http://www.sellxed.com/en/support"
"Please flush or disable the cache storage and retry. If this did not help, change the authorization method to PaymentPage and <a href=""%s"" target=""_blank"">contact sellxed</a>.","Please flush or disable the cache storage and retry. If this did not help, change the authorization method to PaymentPage and <a href=""%s"" target=""_blank"">contact sellxed</a>."
"Please log in below:","Please log in below:"
"Please select","Por favor seleccione"
"Please select a shipping method before sending the order.","Please select a shipping method before sending the order."
"Please select the Bank Identifier Code (BIC) of your bank.","Por favor, seleccione el código de identificación bancaria (BIC) de su banco."
"Please select the day of your birth.","Por favor seleccione el día de su nacimiento."
"Please select the expiry month on your card.","Por favor seleccione el mes de la fecha de vencimiento de su tarjeta de crédito."
"Please select the expiry year on your card.","Por favor introduzca la fecha de caducidad de la tarjeta."
"Please select the month of your birth.","Por favor seleccione el mes de su nacimiento."
"Please select the the year of your birth.","Por favor, seleccione el año de tu nacimiento."
"Please send the notification URL and the IP address of the server to <a href='mailto:support@realexpayments.com'>support@realexpayments.com</a>. You can find both information below.","Please send the notification URL and the IP address of the server to <a href='mailto:support@realexpayments.com'>support@realexpayments.com</a>. You can find both information below."
"Please wait, processing your order...","Please wait, processing your order..."
"Price","Precio"
"Product","Producto"
"Product Name","Product Name"
"Purchase Point","Purchase Point"
"Qty","Cantidad"
"RealVault Security Measure","Medida RealVault Seguridad"
"Rebate Password","Rebate Contraseña"
"Recurring Payments","Recurring Payments"
"Recurring Sequences","Las secuencias recurrentes"
"Redirect","Redireccionar"
"Refund Amount","Cantidad del reembolso"
"Refund ID","ID Reembolso"
"Refund amount","La cantidad del reembolso"
"Refund failed with message: !message","Reembolso falló con mensaje: !message"
"Refund information","Informaciones del reembolso"
"Refund status","Estado de su reembolso"
"Refunded Amount","Importe reembolsado"
"Refunds","Refunds"
"Register","Register"
"Register to Create an Account","Register to Create an Account"
"Register with us for future convenience:","Register with us for future convenience:"
"Release Date","Release Date"
"Review","Review"
"Rounding Adjustment","Rounding Adjustment"
"Row Total","Fila total"
"SEPA Mandate ID","SEPA Mandate ID"
"SHA1","SHA1"
"SKU:","SKU:"
"Sales","Venta"
"Sales Tax Number","Número de Impuesto a las Ventas"
"Save","Guardar"
"Saved cards:","Tarjetas guardadas"
"See order and shipping status","See order and shipping status"
"Select Brand","Seleccione una marca"
"Select Method","Select Method"
"Select the authorization method to use for processing this payment method.","Selecciona el método de autorización para este método de pago."
"Select the date of your birth.","Seleccione la fecha de su nacimiento."
"Select the date on which your card expires.","Selecciona la fecha de vencimiento de la tarjeta"
"Send Invoice Email","Send Invoice Email"
"Send amounts to Realex in base currency.","Send amounts to Realex in base currency."
"Send amounts to Realex in store's base currency.","Send amounts to Realex in store's base currency."
"Send invoice email","Send invoice email"
"Send the invoice email automatically after invoice creation.","Send the invoice email automatically after invoice creation."
"Set direct capture after order. In this case your authoization will directly be captured on your customer's credit card","En 'Contabilización directa' el montante está directamente contabilizado al cliente. En el caso 'Contabilización retrasado' el montant está contabilizado con un retraso definido por usted."
"Set the sort order to show the external checkouts.","Set the sort order to show the external checkouts."
"Settlement after order","Creación después del pedido"
"Setup","Setup"
"Shipping & Handling","Envío y dirección"
"Shipping Address","Shipping Address"
"Shipping Amount","Cantidad del envío"
"Shipping Information","Información del envío"
"Shipping Method","Shipping Method"
"Shipping Methods","Shipping Methods"
"Shipping Refund","Reembolso para el envío"
"Shop","Shop"
"Shop ID","Shop ID"
"Short Installation Instructions:","Short Installation Instructions:"
"Should the amount be captured / settled automatically after the order (auto settle) or should the amount only be reserved?","En caso de ser capturado la cantidad / se instaló automáticamente después de la orden (settle automático) o debería sólo la cantidad reservada?"
"Show","Show"
"Show Account Selection","Show Account Selection"
"Show Further Settings and Information","Mostrar más ajustes e información."
"Show Image","Show Image"
"Show Payment Id","Show Payment Id"
"Show the payment id","Show the payment id"
"Show the payment id in the order information","Show the payment id in the order information"
"Show the payment image","Show the payment image"
"Show the payment image on the checkout page","Show the payment image on the checkout page"
"Sign In","Sign In"
"Signature Passphrase","Signature Passphrase"
"Social Security Number","Número de Seguro Social"
"Sort Order","Modificar orden"
"Status","Estado"
"Store the payment details","Store the payment details"
"Stored payment details","Stored payment details"
"Subacount","Subcuenta"
"Submit Order","Submit Order"
"Submitting order information...","Submitting order information..."
"Subtotal","Total parcial"
"Success","Exito"
"Successful","Con éxito"
"Successful online refund of amount","Reembolso exitosa línea de cantidad"
"Successful payment authorization.","Autorización de pago con éxito."
"Successfull online refund of amount","Reembolso del montante con éxito"
"Support","Support"
"TSS (Transaction Suitability Scoring) system","TSS (Transaction Suitability Scoring) system"
"TSS Value","TSS Valor"
"TSS lower bound","TSS límite inferior"
"Tax Amount","Total de impuestos"
"Technical issue: This payment methods is not available at the moment.","Problema técnico: Esta forma de pago no está disponible actualmente."
"Template URL","Template URL"
"Test Environment","Entorno de prueba"
"Test Mode","Test Mode"
"Test Mode in Live Environment","Modo de prueba en Live Environment"
"Test Transaction","Test Transaction"
"The 3-D secure authorization failed because of temporary issue with the authentication system.","La autorización de seguridad 3-D ha fallado debido a problema temporal con el sistema de autenticación."
"The 3-D secure authorization failed.","La autorización de seguridad 3-D ha fallado."
"The 3-D secure enrollement status of your card could not be checked.","El estado enrollement seguro 3-D de la tarjeta no se ha podido comprobar."
"The 3-D secure enrollment does not return the ASC URL or the ASC pareq parameter.","La matrícula seguro 3-D no devuelve la URL ASC o el parámetro PAREQ ASC."
"The HMAC key as defined in the live backoffice of Realex. You may need generate the HMAC key. Please take a look at the manual how to do this.","The HMAC key as defined in the live backoffice of Realex. You may need generate the HMAC key. Please take a look at the manual how to do this."
"The Paymentmethod the customer choose on the paymentpage.","La forma de pago el cliente escogió en la página de pago (Payment Page)"
"The SEPA mandate schema does not contain the tag '!tag'. This tag is required.","El esquema de mandato SEPA no contiene la etiqueta '!tag'. Se requiere esta etiqueta."
"The account has been deactivated by Realex.","La cuenta ha sido desactivada por Realex."
"The alias could not be found.","The alias could not be found."
"The alias has been deleted.","El alias se ha eliminado."
"The alias transaction could not be conductet with error code: !code, and reason: !reason:","The alias transaction could not be conductet with error code: !code, and reason: !reason:"
"The amount cannot be charged on the customer's card.","La cantidad no se puede cargar en la tarjeta del cliente."
"The amount cannot be charged on your card.","La cantidad no se puede cargar en su tarjeta."
"The amount could not be verified.","The amount could not be verified."
"The amount in the choosen currency could not be charged.","La cantidad en la moneda elegida no podría ser acusado."
"The amount in the given currency could not be charged.","La cantidad en la moneda determinada no podría ser acusado."
"The amount of !amount is authorized.","La cantidad de cada !amount está autorizado."
"The amount of !amount is captured.","La cantidad de cada  !amount es capturado."
"The authorizaltion could not be done.","The authorizaltion could not be done."
"The authorization at the bank failed.","La autorización en el banco no."
"The authorization could not be done.","La autorización no se podía hacer."
"The authorization failed. May be the Switch Card isssue number is wrong.","La autorización falló. Tal vez el número isssue Switch Card es erróneo."
"The authorization method '!method' is not supported.","El método de autorización '!method' no es compatible."
"The authorization was not successful","The authorization was not successful"
"The bank has a scheduled maintenance outage.","El banco cuenta con una parada de mantenimiento programado."
"The bank refuse the transaction. Reason: !reason","El banco se niegan la transacción. Motivo: !reason"
"The bank reports an unkown error.","El banco informa de un error desconocido."
"The bank system seems to be down to an unkown reason.","El sistema bancario parece estar abajo a una razón desconocida."
"The brand of the credit card is detected by the card number if hidden authorization is used. If the payment page is used, the user has to select the brand. The allowed credit card brands can be restricted by this setting.","The brand of the credit card is detected by the card number if hidden authorization is used. If the payment page is used, the user has to select the brand. The allowed credit card brands can be restricted by this setting."
"The brand of the credit card is detected by the card number if server/remote authorization is used. If the payment-page/redirect is used, the user has to select the brand. The allowed credit card brands can be restricted by this selection.","La marca de la tarjeta de crédito es detectado por el número de la tarjeta, si se utiliza el servidor / autorización remota. Si se utiliza la payment-page/redirect, el usuario tiene que seleccionar la marca. Las marcas de tarjetas de crédito permitidos pueden ser restringidos por esta selección."
"The brand with external name '!key' was not present in the map.","La marca con la tecla '!key' no se encontró en el mapa información de la tarjeta."
"The brand with key '!key' was not found in the card information map.","La marca con la tecla !key' no se encontró en el mapa información de la tarjeta."
"The calculated and returned hash do not match.","El hash calculado y devuelto no coinciden."
"The cancellation could not be conducted. Error code: !error.","The cancellation could not be conducted. Error code: !error."
"The capture amount (!captureAmount) cannot be greater than the authorized amount (!authorizedAmount).","La cantidad de captura (!captureAmount) no puede ser mayor que el monto autorizado (!authorizedAmount)."
"The capture item with SKU '@sku' has a higher amount (@amountItem) as the original item (@amountOriginal).","The capture item with SKU '@sku' has a higher amount (@amountItem) as the original item (@amountOriginal)."
"The capture item with SKU '@sku' is not present in the original order.","The capture item with SKU '@sku' is not present in the original order."
"The capturing could not be conducted. Error code: !error.","The capturing could not be conducted. Error code: !error."
"The card brand selection is automatically done depending on the entered card number. If no Javascript is active in the browser, a drop down is shown. In case JavaScript a the brand logos can be shown. Should the brand selection using images?","The card brand selection is automatically done depending on the entered card number. If no Javascript is active in the browser, a drop down is shown. In case JavaScript a the brand logos can be shown. Should the brand selection using images?"
"The configuration has been saved.","La configuración se ha guardado."
"The configured merchant was not found.","No se encontró el comerciante configurado."
"The controller class '@controller' does not provide any method with annotation 'Customweb_Payment_Endpoint_Annotation_ExtractionMethod' and valid output.","The controller class '@controller' does not provide any method with annotation 'Customweb_Payment_Endpoint_Annotation_ExtractionMethod' and valid output."
"The customer does not finish the payment with in the timeout.","The customer does not finish the payment with in the timeout."
"The customer's card has been cancelled.","La tarjeta del cliente ha sido cancelado."
"The customer's card is expired.","La tarjeta del cliente ha caducado."
"The customer's card number seems to be invalid.","Número de la tarjeta del cliente parece ser válido."
"The customer's has been declined by a unkown reason.","Del cliente ha sido rechazada por una razón desconocida."
"The customers's card is reported to be stolen or lost.","La tarjeta del cliente se informó a ser robados o perdidos."
"The date of birth is required.","The date of birth is required."
"The entered CVC is too short.","El CVC introducido es demasiado corto."
"The expected format is '!format' where the 'MM' means the month number and 'YY' the year number.","El formato esperado es '!format' donde el 'MM' significa el número del mes y 'YY' el número de años."
"The expiry date is in a invalid format.","La fecha de caducidad se encuentra en un formato no válido."
"The field '!field' is to short. It should be (at least) !length characters long. Please contact us to check why your order fails.","El campo '!field' es corto. Debe ser (por lo menos) !length caracteres de longitud. Por favor, póngase en contacto con nosotros para comprobar por qué su pedido falla."
"The gender is required.","The gender is required."
"The given CVC code has the wrong length.","El código CVC dado tiene una longitud incorrecta."
"The given card number has an invalid check sum.","El número de tarjeta dada tiene una suma de comprobación no válida."
"The given card number has an invalid length.","El número de tarjeta dada tiene una longitud no válida."
"The given hmac key is empty.","The given hmac key is empty."
"The given identifier is empty.","The given identifier is empty."
"The given password is empty.","The given password is empty."
"The given rang is empty. It must be a nummeric value with length of two.","The given rang is empty. It must be a nummeric value with length of two."
"The given rang is invalid. It must be a nummeric value with length of two.","The given rang is invalid. It must be a nummeric value with length of two."
"The given site number is empty.","The given site number is empty."
"The identifier as defined in the backoffice of Realex.","The identifier as defined in the backoffice of Realex."
"The invoice could not be captured and processed by","La cuenta no se ha podido contabilizar i procesar de Realex."
"The invoice could not be captured and processed. Reason:","La factura no puede ser capturado y procesado. Motivo:"
"The invoice could not be found.","La factura no se pudo encontrar."
"The invoice has been changed.","La factura se ha cambiado."
"The invoice no longer exists.","La factura ya no existe."
"The issuer number for your Switch Card seems to be wrong.","El número emisor de su tarjeta de interruptor parece estar mal."
"The layout does not contain the tag '!layout_tag'.","La disposición no contiene la etiqueta '!layout_tag'."
"The merchant ID as given by your Payment-Service-Provider (Realex).","El ID de comerciante como fue dada por su Pago proveedor de servicios de (Realex)."
"The merchant seems not be authorized to execute the transaction.","El comerciante parece no estar autorizado a ejecutar la transacción."
"The next update execution date indicates when the next cron is run to update the transaction state.","The next update execution date indicates when the next cron is run to update the transaction state."
"The order is not fully completed. Please contact the store owner.","The order is not fully completed. Please contact the store owner."
"The password key given by Realex which is needed in order to perform a refund.","La llave de la contraseña dada por Realex que se necesita para realizar un reembolso."
"The payment failed. The response data has been tampered. Please contact the merchant.","El pago ha fallado. Los datos de respuesta ha sido manipulado. Por favor, póngase en contacto con el comerciante."
"The payment form will be displayed after submitting the order.","The payment form will be displayed after submitting the order."
"The payment has been accepted.","The payment has been accepted."
"The payment has been denied.","The payment has been denied."
"The payment method !paymentMethodName does not support the currency '!currency'.","La forma de pago! PaymentMethodName no soporta la moneda '!currency'."
"The payment method !paymentMethodName is not available in your country ('!country').","La forma de pago! PaymentMethodName no está disponible en tu país ('!country')."
"The payment update has been made.","The payment update has been made."
"The paymnet system seems currently to be offline. Please try it later again.","El sistema de pago en la actualidad parece estar fuera de línea. Por favor, inténtelo de nuevo más tarde."
"The provided signature does not match with the one calculated.","The provided signature does not match with the one calculated."
"The rang (PBX_RANG) as defined in the live backoffice of Realex. It must be nummeric value with length two. In the backoffice it may be displayed as a three char value. You must truncate the first digit.","The rang (PBX_RANG) as defined in the live backoffice of Realex. It must be nummeric value with length two. In the backoffice it may be displayed as a three char value. You must truncate the first digit."
"The redirect response from PayPal was unsuccessful.","La respuesta de redirección de PayPal no tuvo éxito."
"The refund item with SKU '@sku' has a higher amount (@amountItem) as the original item (@amountOriginal).","The refund item with SKU '@sku' has a higher amount (@amountItem) as the original item (@amountOriginal)."
"The refund item with SKU '@sku' is not present in the original order.","The refund item with SKU '@sku' is not present in the original order."
"The refunding could not be conducted. Error code: !error.","The refunding could not be conducted. Error code: !error."
"The response hash seems to be manipulated, hence the transaction was rejected.","El hash respuesta parece ser manipulados, por lo tanto, la transacción fue rechazada."
"The response seems to be manipulated, hence the transaction was rejected.","El hash respuesta parece ser manipulados, por lo tanto, la transacción fue rechazada."
"The retailer is not known.","El minorista no se conoce."
"The shopping cart has been altered!","The shopping cart has been altered!"
"The signature could not be verified.","The signature could not be verified."
"The signature key given by Realex .","La clave de firma dada por Realex."
"The site id (PBX_RANG) as defined in the backoffice of Realex.","The site id (PBX_RANG) as defined in the backoffice of Realex."
"The total refund amount (!totalRefundedAmount) cannot be greater than the captured amount (!capturedAmount).","La cantidad del reembolso total de (!totalRefundedAmount) no puede ser mayor que la cantidad capturada (!capturedAmount)."
"The transaction cannot be cancelled online.","The transaction cannot be cancelled online."
"The transaction cannot be captured online.","The transaction cannot be captured online."
"The transaction cannot be refunded online.","The transaction cannot be refunded online."
"The transaction failed due to an unkown reason.","La operación falló debido a una razón desconocida."
"The transaction failed with error code !code.","The transaction failed with error code !code."
"The transaction is only executed in the test system. The goods should not be delivered.","The transaction is only executed in the test system. The goods should not be delivered."
"The transaction was not valid. The bank refuse it.","La operación no era válida. El banco rechazó."
"The transactions with one of the selected CVN Reuslts will be marked as uncertain. (Here Realex-Payment recommend 'CVN Not Matched' and 'CVN Not Processed')","Las operaciones realizadas con una de las CVN Reuslts seleccionado será marcado como incierto. (Aquí Realex-pago Recomendar 'CVN Not Matched ""y"" CVN no se procesa')"
"The transactions with one of the selected CVN Reuslts will be marked as uncertain. (Here Realex recommend 'CVN Not Matched' and 'CVN Not Processed')","The transactions with one of the selected CVN Reuslts will be marked as uncertain. (Here Realex recommend 'CVN Not Matched' and 'CVN Not Processed')"
"The whole transaction is cancelled.","Toda la operación fue cancelada."
"There has been a problem during the processing of your payment.","There has been a problem during the processing of your payment."
"There has been a problem during the processing of your payment. Please contact the shop owner to make sure your order was placed successfully.","Ha habido un problema durante el procesamiento de su pago. Por favor, póngase en contacto con el dueño de la tienda para asegurarse de que su pedido se ha realizado con éxito."
"There is a problem with your license. Please contact us (www.sellxed.com/support). Reason: %1","There is a problem with your license. Please contact us (www.sellxed.com/support). Reason: %1"
"There is a problem with your license. Please contact us (www.sellxed.com/support). Reason: %s","There is a problem with your license. Please contact us (www.sellxed.com/support). Reason: %s"
"There is already a customer registered using this email address. Please login using this email address or enter a different email address to register your account.","There is already a customer registered using this email address. Please login using this email address or enter a different email address to register your account."
"There occours a network outage at the bank side.","Hay occours un corte en la red en el lado del banco."
"There occours an error with the payment system.","Hay occours un error con el sistema de pago."
"There seems to be a problem with the Realex module.","Parece que hay un problema con el módulo de Realex."
"There seems to be an error in the implementation of the payment module. Details: '!details'.","Parece que hay un error en la aplicación del módulo de pago. Detalles: '!details'."
"There seems to be an error of your Realex account. Details: '!details'.","Parece que hay un error de su cuenta Realex. Detalles: '!details'."
"There was an error validating the login and password.","There was an error validating the login and password."
"There was no PayPal token returned. Please contact your merchant.","No había ninguna señal de PayPal regresó. Por favor, póngase en contacto con su vendedor."
"This URL has to be placed in the backend of Realex under Configuration > Technical Information > Transaction Feedback and their in the two fields for 'Direct HTTP server-to-server request'.","Esta URL tiene que ser colocado en el backend de Realex en Configuración> Información Técnica> Transaction Evaluación en los dos campos de 'Direct HTTP server-to-server request'."
"This URL has to be reported to Realex. The transaction notification must be sent to this URL.","This URL has to be reported to Realex. The transaction notification must be sent to this URL."
"This account is not confirmed. <a href=""%s"">Click here</a> to resend confirmation email.","This account is not confirmed. <a href=""%s"">Click here</a> to resend confirmation email."
"This is a brief instruction of the main and most important installation steps, which need to be performed when installing the Realex module. For detailed instructions regarding additional and optional settings, please refer to the enclosed instructions in the zip.","This is a brief instruction of the main and most important installation steps, which need to be performed when installing the Realex module. For detailed instructions regarding additional and optional settings, please refer to the enclosed instructions in the zip."
"This is the URL required by the Skin Creator","This is the URL required by the Skin Creator"
"This is the name of the account holder).","Este es el nombre del titular de la cuenta."
"This is the technical alias token (Alias Manger/Realvault).","Esta es la señal alias técnica (Alias Manger/Realvault)."
"This password is used for recurring payments and for the alias manager as well as for the server authorization. This is the password of the Realex account.","This password is used for recurring payments and for the alias manager as well as for the server authorization. This is the password of the Realex account."
"This setting can be used to activate resp. deactivate the 3D secure check. Please check with PayBox if you are allowed to deactivate the 3D secure check. This setting has only an effect when you use the payment page.","This setting can be used to activate resp. deactivate the 3D secure check. Please check with PayBox if you are allowed to deactivate the 3D secure check. This setting has only an effect when you use the payment page."
"This status is set, when the payment was successfull and it is authorized.","Este estado se define, cuando el pago se ha realizado correctamente y que esté autorizado."
"This transaction is already closed for further captures.","Esta transacción ya está cerrada para otras contabilizaciones"
"This transaction is already closed for further refunds.","Esta operación se ha cerrado por más créditos."
"This transaction no longer exists.","This transaction no longer exists."
"Timeout for pending payments (min)","Timeout para los pagos pendientes (min)"
"Titel","Titulo"
"Title","Title"
"Title of the payment method","Nombre de la forma de pago"
"To use the RealVault some banks require additional security measures to make sure that the customer account can not be used by an attacker. With this option you can control, what measure is applied. Either the CVC can be asked always or the delivery address is checked, if it is the same as in the initial transaction.","Para utilizar el RealVault algunos bancos requieren medidas de seguridad adicionales para asegurarse de que la cuenta del cliente no puede ser utilizada por un atacante. Con esta opción usted puede controlar, ¿qué medida se aplica. O bien el CVC se le puede pedir siempre o la dirección de entrega se comprueba, si es el mismo que en la transacción inicial."
"Total","Total"
"Total Shipping Charges","Total de gastos de envío"
"Track order history","Track order history"
"Transaction","Transaction"
"Transaction Authorized","Transacción autorizada"
"Transaction Cancelled","Transacción cancelada"
"Transaction Captured","Transacción contabilizada"
"Transaction History","Transaction History"
"Transaction ID Prefix","Transaction ID Prefix"
"Transaction Id","Transaction Id"
"Transaction Paid","Transacción pagado"
"Transaction Uncertain","Transacción es incierto"
"Transaction Updates","Transaction Updates"
"Transaction cancelled successfully","Transacción cancelada exitosamente"
"Transaction captured successfully","Transacción capturado con éxito"
"Transaction history","Resumen de transacciones"
"Transaction was authorized over the deferred authorization mechanism.","Operación fue autorizada por el mecanismo de autorización diferido."
"Transactions","Transactions"
"Transactions with one of the selected statuses will be marked as certain. Uncertain transactions need manual confirmation by the merchant. This service only works for UK cardholders as it uses the street address and postcodes of the cardholders. The Realauth redirect service supports AVS where it is supported by the merchant’s acquiring bank and the cardholder’s issuing bank. If a transaction fails an AVS check it will not automatically be declined by your bank. It is an advisory service and requires that the details of non matched transactions be checked by the merchant.","Configuración del gestor de AVS-CP"
"Transactions with one of the selected statuses will be marked as certain. WARNING: Uncertain transactions by the definition of Realex Payments (default value) are not covered by the credit card company, the merchant carries the risk. Nevertheless some merchants prefer to take some risk instead of checking uncertain transactions manually.","Transacciones con uno de los estados seleccionados serán marcados como cierta. ADVERTENCIA: Las transacciones inciertas por la definición de Pagos Realex (valor predeterminado) no están cubiertos por la compañía de tarjetas de crédito, el comerciante tiene el riesgo. Sin embargo, algunos comerciantes prefieren tomar algunos riesgos en lugar de comprobar las transacciones inciertas manualmente."
"U: Unable to check (not certified etc)","U: Unable to check (not certified etc)"
"URLs","URL"
"Unable to save the invoice.","No se puede guardar la factura."
"Uncertain Status","Uncertain Status"
"Uncertain transactions","Transacción está incierta"
"Update","Actualización"
"Update Qty's","Actualización de la cantidad"
"Update interval for payments","Interval de actualisación para pagos"
"Update order and transaction information over cron.","Update order and transaction information over cron."
"Update process by accessing the update URL or by invoking in the admin interface.","Update process by accessing the update URL or by invoking in the admin interface."
"Use Base Currency","Use Base Currency"
"Use Default","Utilice la configuración estándar."
"Use base currency","Use base currency"
"VISA","VISA"
"Validation","Validación"
"Version","Version"
"View","View"
"Wait On Success Page","Wait On Success Page"
"We can not process the 3-D secure response, because we do not get the additional data transmitted with the redirection to the ACS service.","No podemos procesar la respuesta segura 3-D, porque no obtenemos los datos adicionales transmitidos con la redirección al servicio de ACS."
"We cannot get the transaction instance.","We cannot get the transaction instance."
"We experienced a problem with your sellxed payment extension. For more information, please visit the configuration page of the plugin.","Hemos experimentado un problema con su extensión de pago sellxed. Para obtener más información, visite la página de configuración del plugin."
"When the store is not available (network outage, server failure or any other outage), when the feedback of Realex is sent, then the transaction state is not updated. Hence no order confirmation e-mail is sent and the order is not in the paid state. By activating the transaction update, such transactions can be authorized later over direct link. To use this feature the update service must be activated and the API username and the API password must be set.","When the store is not available (network outage, server failure or any other outage), when the feedback of Realex is sent, then the transaction state is not updated. Hence no order confirmation e-mail is sent and the order is not in the paid state. By activating the transaction update, such transactions can be authorized later over direct link. To use this feature the update service must be activated and the API username and the API password must be set."
"When using an external checkout, the customer can either be asked to chose an option to authenticate (as guest, register or login) or he can always be checked out as guest. For the second option to work, guest checkout has to be enabled in magento.","When using an external checkout, the customer can either be asked to chose an option to authenticate (as guest, register or login) or he can always be checked out as guest. For the second option to work, guest checkout has to be enabled in magento."
"With this option set to yes, all valid transactions will be marked as certain. WARNING: Uncertain transactions by the definition of Realex (default value) are not covered by the credit card company, the merchant carries the risk. Nevertheless some merchants prefer to take some risk instead of checking uncertain transactions manually.","Con esta opción se establece en sí, todas las transacciones válidas serán marcados como cierta. ADVERTENCIA: Las transacciones inciertas por la definición de Realex (valor predeterminado) no están cubiertos por la compañía de tarjetas de crédito, el comerciante tiene el riesgo. Sin embargo, algunos comerciantes prefieren tomar algunos riesgos en lugar de comprobar las transacciones inciertas manualmente."
"With this setting set to active, an AVS-Check (Address Verification System) is carried out. According to your AVS-Settings.","Con este ajuste establece en activo, un AVS-Check (Dirección Sistema de Verificación) se lleva a cabo. De acuerdo a sus AVS-Settings."
"With this setting set to active, you customers credit card credential will be stored safely at Realex. A token refering to the stored information is stored together with the corresponding customer data. That way your customer only need to type the minimum amount of data. Realex takes charges for the RealVault-Service. Please make sure to activate RealVault at Realex first.","Con este ajuste establece en activo, credencial que los clientes de tarjeta de crédito será almacenada de manera segura en Realex. Un buscadores de contadores a la información almacenada se almacena junto con los datos de clientes correspondientes. De esta manera el cliente sólo tiene que escribir la cantidad mínima de datos. Realex tiene cargos por el RealVault-Service. Por favor, asegúrese de activar RealVault a Realex primero."
"Year","Año"
"Yes","Sí"
"Yes, please store my card data for next time.","Sí, por favor, guarde los datos de mi tarjeta para la próxima vez."
"Yes, use images for the brand selection.","Yes, use images for the brand selection."
"You are not allowed to do this transaction.","No tienes permiso para realizar esta operación."
"You can allow the customers to manage/delete their aliases in the their account.","You can allow the customers to manage/delete their aliases in the their account."
"You can decide on the order status new orders should have after they are processed successfully.","Define el estado del pedido de nuevas órdenes, que se procesaron correctamente."
"You can decide on the order status new orders should have that have an uncertain authorization status.","Define el estado del pedido de nuevas órdenes con el estado inseguro."
"You can specify the order status for new orders that have an uncertain authorisation status.","Se puede especificar el estado del pedido de los nuevos pedidos que tienen un estado de autorización incierto."
"You can specify the order status for orders that are captured either directly after the order or manually in the backend.","Se puede especificar el estado de su pedido para los pedidos que se capturan de forma directa después de la orden o de forma manual en el backend."
"You can specify the order status when an order is cancelled.","Se puede especificar el estado de la orden cuando una orden se cancela."
"You can switch between test and live mode. In the test mode, test cards will be available and the transactions will go to the test-sub-acounts.","Puede alternar entre la prueba y el modo en vivo. En el modo de prueba, tarjetas de prueba estarán disponibles y las transacciones se destinarán a la prueba de sub-acounts."
"You created the order.","You created the order."
"You have no stored aliases.","You have no stored aliases."
"You have to enter a card number.","Debe inserir un número de tarjeta"
"You have to enter bank code of your bank.","Debe introducir el código bancario"
"You have to enter commercial number of you company.","Usted tiene que ingresar el número comercial de su empresa."
"You have to enter either the CVC code or the issue number of your card.","Usted tiene que ingresar ya sea el código CVC o el número de expedición de la tarjeta."
"You have to enter sales tax number of you company.","Usted tiene que ingresar el número de impuesto sobre las ventas de su empresa."
"You have to enter sales tax number of your company.","You have to enter sales tax number of your company."
"You have to enter the BIC.","Entrar en el BIC."
"You have to enter the CVC code from your card.","Debe introducir el CVC su tarjeta."
"You have to enter the IBAN.","Entrar en el IBAN."
"You have to enter the account holder name on the card.","Usted tiene que introducir el nombre del titular de la tarjeta."
"You have to enter the account holder name.","Entrar en el nombre del titular de la cuenta."
"You have to enter the card holder name on the card.","Debe introducir el titular de la tarjeta."
"You have to enter the location of your bank.","Tienes que entrar en la ubicación de su banco."
"You have to enter the name of the account owner.","Debe introducir el titular de la cuenta bancaria"
"You have to enter the name of your bank.","Usted tiene que introducir el nombre de su banco."
"You have to enter your IBAN Number.","Tiene que introducir su número de IBAN."
"You have to enter your bank account number.","Debe introducir el número de cuenta de tu cuenta bancaria."
"You have to enter your social security number.","Tiene que introducir su número de seguro social."
"You may choose one of the cards you paid before on this site.","Usted puede elegir entre una tarjeta utilizada anteriormente:"
"You may choose one of your stored payment details.","You may choose one of your stored payment details."
"You may need to contact Realex for further assistance.","Es posible que deba ponerse en contacto con Realex para obtener más ayuda."
"You trying to use live cards on the test system. Please use only test cards.","Usted está tratando de utilizar las tarjetas en directo en el sistema de prueba. Utilice sólo tarjetas de prueba."
"You will be redirect to the order confirmation page.","Se le redirige a la página de confirmación del pedido."
"You will be redirect to your bank to confirm the payment.","Se le redirige a su banco para confirmar el pago."
"Your browser does not allow the execution of JavaScript. Please activate JavaScript in your browser and reload this page.","Su navegador no permite la ejecución de JavaScript. Por favor, active JavaScript en su navegador y vuelva a cargar esta página."
"Your card has been cancelled.","Su tarjeta ha sido cancelada."
"Your card has been declined by a unkown reason.","Su tarjeta ha sido rechazada por una razón desconocida."
"Your card is expired.","Su tarjeta ha caducado."
"Your card is not enrolled for 3-D secure. The merchant accepts only cards which are enrolled.","Su tarjeta no está inscrito para el 3-D seguro. El comerciante acepta sólo tarjetas que están matriculados."
"Your card number seems to be invalid.","Su número de tarjeta parece ser válido."
"Your card seems to reported as stolen or lost.","Su tarjeta parece reportado como robado o perdido."
"Your checkout session expired.","Your checkout session expired."
"Your fraud settings prevents the acceptance of this transaction.","La configuración de fraude impide la aceptación de esta transacción."
"Your server IP address is '@IP'.","Your server IP address is '@IP'."
"RealexCw Aliases","RealexCw Alias"
"____paymentMethodName____","____paymentMethodName____"
"Realex Aliases","Realex Aliases"
"Realex Error","Realex Error"
"Realex Parameters","Realex Parameters"
"Realex Refund Items","Realex Refund Items"
"Realex Section","Realex Section"
"Realex Transactions","Realex Transactions"
"Realex provision in some cases a special merchant ID for MoTo (mail-/telefon-order) transaction. In case you want to use MoTo and you receive such a merchant ID, then fill it here. Otherwise leave this field empty.","Realex disposición. en algunos casos es necesario un ID de comerciante especial para MoTo (mail-/telefon-order) transacción. En caso de que desee utilizar MoTo y recibe como un ID de comerciante, entonces llenarlo aquí. De lo contrario, deje este campo vacío."
"Realex:","Realex:"
"Realex: Alias Management","Realex: Alias Management"
"customweb ltd","customweb ltd"
"no","no"
"or","or"
"yes","yes"
