"* Required Fields","* Champs requis"
"-- No Status Change --","-- Pas de changement de statut --"
"3D Secure","3D Secure"
"3D Secure Authentication","Authentification 3D Secure"
"3D Secure failed","3D Secure a échoué."
"3D Secure sucess","3D Secure avec succès"
"3DSecure Setting","Paramètres 3D Secure"
"A authorized transaction cannot be authorized again.","Une transaction autorisée ne peut pas être autorisée à nouveau."
"A authorized transaction cannot be marked as failed.","Une transaction autorisée ne peut pas être marquée comme échouée"
"A cancelled transaction cannot be authorized.","Une transaction annulée ne peut pas être autorisée."
"A cancelled transaction cannot be cancelled again.","Une transaction annulée ne peut pas être annulée à nouveau."
"A cancelled transaction cannot be captured.","Une transaction annulée ne peut pas être comptabilisée"
"A cancelled transaction cannot be marked as failed.","Une transaction annulée ne peut pas être marquée comme échouée."
"A cancelled transaction cannot be refunded.","Une autorisation annulée ne peut pas être remboursée."
"A captured transaction cannot be authorized.","Une transaction comptabilisée ne peut pas être autorisée."
"A captured transaction cannot be cancelled.","Une transaction comptabilisée ne peut pas être annulée."
"A captured transaction cannot be marked as failed.","Une transaction comptabilisée ne peut pas être marquée comme échouée"
"A failed authorization cannot be authorized.","Une transaction échouée ne peut pas être autorisée."
"A payment method may not available for customers from different counties. You can decide when this availability check should happen. We recommend to set it during authorization","Certains modes de paiement ne sont pas disponible pour des pays spécifiques. Définissez l'instant dans lequel vous voulez que le contrôle de disponibilité soit fait. Nous recommendons séléctionner 'Pendant l'autorisation'."
"A refund was added over !amount.","Un remboursement de !amount a été ajouté."
"A transaction may be uncertain, when the payment is not guaranteed. For example in case the credit card does not participate in the 3D procedure.","Une transaction peut être incertaine si le paiement n'est pas garanti. Par example, si la carte de crédit ne fait pas partie du processus 3D secure."
"AVS Address Check","AVS Vérification de l'adresse"
"AVS Post Code Check","AVS Vérification  du code postale"
"AVSManager Address Settings","Paramètres d'adresse du AVS Manager"
"AVSManager Post Code Settings","AVS code postal"
"About","À propos de nous"
"Account Holder","Nom du titulaire du compte"
"Account Holder Name","Nom du titulaire du compte"
"Account owner name.","Nom du titulaire du compte"
"Action","Action"
"Actions","Actions"
"Activate","Activé"
"Activate AVS-Manager","Activer le manager AVS"
"Activate RealVault","Activer RealVault"
"Activate the payment method and test.","Activez le mode de paiement et testez le."
"Active","Activé"
"Additional Information","Informations complémentaires"
"Address Verification Result. <br>(M (Matched) <br>N (Not Matched) <br>I (Problem with check) <br>U (Unable to check (not certified etc)) <br>P (Partial Match))","Résultat de vérification d'adresse. <br>(M (Matched) <br>N (Not Matched) <br>I (Problem with check) <br>U (Unable to check (not certified etc)) <br>P (Partial Match))"
"Adjust Qty","Ajuster la quantité"
"Adjustment Discount","Ajustement des rabais"
"Adjustment Fee","Frais d'ajustement"
"After payment selection","Après la sélection du mode de paiement"
"Ajax authorization not supported.","Autorisation Ajax pas possible."
"Alias","Alias"
"Alias For Display","Alias pour l'affichage"
"Alias Id","ID de l'Alias"
"Alias Token","Alias Token"
"All Customers","Tous les clients"
"Allow only 3DSecure transactions (Very strict)","Autoriser uniquement les transactions 3D Secure (très strict)"
"Allowed Currencies","Devises autorisés"
"Allowed currencies for this payment method","Devises autorisées pour cette méthode de paiement"
"Already registered?","Déjà inscrit?"
"Always Checkout as Guest","Toujours commander en tant qu'invité"
"American Express","American Express"
"Amount","Montant"
"Amount Incl. Tax","Montant Incl. Impôt"
"An unkown error occurs. Details: '!details'.","Il semble y avoir une erreur avec le module de paiement. Détails: '!details'."
"Are you sure you want to cancel this order?","Êtes-vous sûr d'annuler cette commande?"
"Ask for the CVC","Demandez le CVC"
"At this point the PaRes-URL parameter must be given.","À ce stade, le paramètre PaRes-URL doit être donné."
"Author","Auteur"
"Authorization Amount","Montant de l'autorisation"
"Authorization Failed","Autorisation a échouée"
"Authorization Method","Mode d'autorisation"
"Authorization is uncertain.","Autorisation est incertaine"
"Authorized Status","Statut autorisé"
"Await Notification","Attendre la notification"
"Awaiting confirmation","En attente de confirmation"
"BIC","BIC"
"Bad signature format.","Format de signature incorrect"
"Bank Location","Lieu de la banque"
"Bank Name","Nom de la banque"
"Bank account number","Número du compte bancaire"
"Bank code number","Numéro de code banquaire"
"Before payment selection","Avant la sélection du mode de paiement"
"Billing Address","Adresse de facturation"
"Billing Information","Information de facturation"
"Billing address","Billing address"
"Brand Name","Nom de marque"
"By setting the capturing the reservation can be captured directly after the order or later manually over the backend of the store.","En configurant la capture, les réservations peuvent être capturés directement après la commande ou plus tard manuellement depuis le backend du magasin."
"CVC Code","Code de sécurité (CVC)"
"CVN Check Result","CVN Résultat de vérification"
"CVN Check Result. <br>(M: CVV Matched), <br>(N: CVV Not Matched), <br>(I: CVV Not checked due to circumstances), <br>(U: CVV Not checked – issuer not certified), <br>(P: CVV Not Processed)","CVN Résultat de vérification. <br>(M: CVV correct), <br>(N: CVV pas correct), <br>(I: CVV pas vérifé à cause de certaines conditions), <br>(U: CVV pas verifié – émetteur pas certifié), <br>(P: CVV pas procédé)"
"CVN Not Matched","CVN Ne correspond pas"
"CVN Not Processed","CVN Non traité"
"CVN Not checked - issuer not certified","CVN Non vérifié - émetteur non certifié"
"CVN Not checked due to circumstances","CVN Pas vérifié en raison de circonstances"
"CVN Result","Résultat de CVN"
"Cancel","Annuler"
"Cancel ID","Cancel ID"
"Cancel operation failed with message: !message","L'annulation a échoué avec le message: !message"
"Cancel pending orders when out of stock","Annuler les commandes en attentes si l'article n'est pas en stock"
"Cancel status","Statut d'annulation"
"Canceled RealexCw","RealexCw Annulé"
"Canceling of this payment not possible!","L'annulation de ce paiement n'est pas possible!"
"Cancelled Status","Statut Annulé"
"Cannot update item quantity.","Vous ne pouvez pas mettre à jour la quantité de l'article."
"Capture Amount","Montant de comptabilisation"
"Capture ID","ID de comptabilisation"
"Capture amount","Montant comptabilisé"
"Capture failed with message: !message","Opération de capture a échoué avec un message: !message"
"Capture information","Information de comptabilisation"
"Capture status","Statut de combtabilisation"
"Capture: Don't Close","Comptabilisation: Ne pas fermer"
"Captured Amount","Montant comptabilisé"
"Captured Status","Statut de capture"
"Captures","Comptabilisations"
"Captures & Refunds","Captures et Remboursements"
"Capturing","Comptabiliser"
"Capturing / Settlement","Comptabilisation / Settlement"
"Card Expiration","Date d'expiration de la carte"
"Card Holder Name","Titulaire de la carte"
"Card Number","Numéro de la carte"
"Carrier Title","Titre du transporteur"
"Check out faster","Commander plus vite"
"Check the delivery address","Vérifiez l'adresse de livraison"
"Check to activate the external checkout.","Marquer cette option pour activer la vérification externe."
"Checkout","Checkout"
"Checkout as Guest","Checkout en tant qu'invité"
"Checkout as a Guest or Register","Passer à la caisse en tant que client ou créer un compte"
"Checkout as a new customer","Commander en tant que nouveau client"
"Checkout using your account","Commander en utilisant votre compte"
"Choose settlement after order in case you want an invoice to be created with your oder. The state of the invoice will set according to your capture status.","Séléctionnez 'Génération après la commande' si vous voulez qu'une facture soit créée pour la commande. Le statut de la facture sera celui du statut de la comptabilisation."
"Choose the strictness of your transactions relating to 3DSecure (Options are ordered by stricness).","Choisissez la rigueur de vos transactions liées au 3D Secure (Les options sont répertoriées par la rigueur)."
"Choosing the encryption algorithm used for the signature. Realex recommend to use SHA1.","Le choix de l'algorithme de chiffrement utilisé pour la signature. Realex recommande d'utiliser SHA1."
"Company Commercial Number","Société Nombre de commerce"
"Confirm Password","Confirmer le mot de passe"
"Confirm with your acquire that they support recurring sequences of Realex Payments. At this point (2013) only HBOS and Streamline support this. Recurring sequence payments are a lower risk, you will get charged less.","Confirmez avec votre acquéreur qu'il accepte les séquences récurrentes de Realex Payments. À ce stade (2013) seulement HBOS et Streamline acceptent ceci. Paiements de séquences récurrentes ont un risque plus faible, vous serez facturé moins pour ces transactions."
"Continue","Continuer"
"Could not convert object of type '!type' to string.","Impossible de convertir objet de type '!type' à string."
"Could not find a brand for the given card number.","Impossible de trouver une marque pour le numéro de carte donnée."
"Could not find pressed button.","Impossible de trouver le bouton pressé."
"Could not find template file at default location '!location'.","Impossible de trouver le fichier template dans le répertoire par défaut '!location'."
"Could not find the payment method !paymentMethodName.","Impossible de trouver le mode de paiement !paymentMethodName."
"Could not load layout from URL !url. Reason: !reason","Impossible de charger le template à partir de l'URL !url. Raison: !reason"
"Create Account","Créer un compte"
"Create New Order - Payment","Créer nouvelle commande - Paiement"
"Create a recurring payment, with an existing alias is not supported","Création d'un paiement récurrent avec un alias existant n'est pas possible."
"Creating an account has many benefits:","La création d'un compte a de nombreux avantages:"
"Creation Date","Date de création"
"Credit Card Brands","Types de cartes de crédit"
"Credit Memo History","Histoire de note de crédit"
"Credit Memo Totals","Totaux note de crédit"
"Credit memo's total must be positive.","Total de note de crédit doit être positive."
"Currency","Monnaie"
"Current Configuration Scope:","Champ d'application actuel de la configuration:"
"Customer Account","Compte client"
"Customer Alias Management","Gestion des Alias du client"
"Customer successfully returned from RealexCw","Le client est retourné de RealexCw avec succès"
"Customer successfully returned from Realex","Client retourné avec succès de la page de paiement de RealexCw."
"Customer sucessfully returned from the RealexCw payment page.","Client retourné avec succès de la page de paiement de RealexCw."
"Customers","Clients"
"Customweb","Customweb"
"Date","Date"
"Date of Birth","Date de naissance"
"Day","Jour"
"Deactivate","Désactiver"
"Dear customer we have received your billing and shipping information. In order to finish your order please create an account below or checkout as guest.","Cher client, nous avons reçu votre information de facturation et de livraison. Pour terminer votre commande veuillez créer un compte ci-dessous ou continuez en tant qu'invité."
"Dear customer, it appears to us that your payment was successful, but we are still waiting for confirmation. You can wait on this page and we will redirect you after we received the confirmation. Or you can close this window and we will send out an order confirmation email.","Cher client, il nous semble que votre paiement a été un succès, mais nous sommes toujours en attente de la confirmation. Vous pouvez attendre sur cette page et vous serez redirigé après que nous ayons reçu la confirmation. Vous pouvez aussi fermer cette fenêtre et nous vous enverrons un e-mail de confirmation de la commande."
"Default Config","Configuration par défaut"
"Deferred","Differé"
"Deferred (authorization)","Différé (autorisation)"
"Deferred capturing","Comptabilisation retardée"
"Deferred settlement","Génération retardée"
"Define a maximal order total for this checkout to be available.","Définir un total de commande maximale pour que ce checkout soit disponible."
"Define a minimal order total for this checkout to be available.","Définir un total de commande minimale pour que ce checkout soit disponible."
"Delayed","Differé"
"Delete","Effacer"
"Delivery address","Delivery address"
"Description","Description"
"Diners Club","Diners Club"
"Direct Debits","Direct Debits"
"Direct E-Banking","Sofort Banking"
"Direct capture after order","Directement après la commande"
"Directly after order","Directement après la commande"
"Directly after order (sale)","Directement après la commande"
"Disabled","Désactivé"
"Discount","Rabais"
"Discount Amount","Montant du rabais"
"Do nothing (not recommended)","Ne rien faire (pas recommandé)"
"Do you wish to store your card information?","Do you wish to store your card information?"
"Don't change order status","Ne pas modifier le statut de la commande"
"During authorization","Pendant l'autorisation"
"ECI (Ecommerce Indicator)","ECI (eCommerce Indicator)"
"ECI Value","ECI Value"
"ECommerce Indivator (ECI)","ECI (eCommerce Indicator)"
"Each valid transaction returnes a RealScore (0 - 100). RealScore is Realex’s proprietary Transaction Suitability Scoring (TSS) system. A transaction suitability score is a score assigned to a transaction based on rules configured by you, highlighting potentially suspicious transactions which can be flagged for review. Realscore can also be implemented with automatic transaction checking, where transactions which break certain predefined rules or which return a low score can be automatically declined. The TSS-value set here, acts as a lower bound for transactions. Each transaction with a TSS-value lower as this option will be flagged for review (flagged as uncertain).","Chaque transaction valide reçois un RealScore (0 - 100). RealScore est le système TSS (Transaction Suitability Scoring) propriétaire de Realex. Une valeur TSS est une note attribuée à une transaction basée sur des règles que vous avez configurées, mettant en évidence d'éventuelles transactions suspectes qui peuvent être marquées à reviser. RealScore peut également faire des contrôles automatiques des transactions, où les transactions qui enfreignent certaines règles prédéfinies ou qui retournent un faible score seront refusé automatiquement. La valeur définie ici, agit comme une limite inférieure pour les transactions. Chaque transaction avec une valeur TSS inférieure à cette option sera signalée pour être revisée."
"Edit","Modifier"
"Edit Invoice %s","Éditer la facture %s"
"Email Address","E-mail"
"Empty version number field name","Nom de champ de numéro de version vide"
"Enable or disable logging.","Activer ou désactiver le logging."
"Enable the payment method","Activer le mode de paiement"
"Enabled","Activé"
"Encryption algorithm","Algorithme de chiffrement"
"Enter the date on which your card expires.","Veuillez sélectionner la date d’expiration"
"Enter the subaccount you want to use for this shop. You need to contact Realex in order to set up new subaccounts. The default subacount is 'internet'.","Insérez le sous-compte (subaccount) que vous souhaitez utiliser pour cette boutique. Vous devez contacter Realex afin de mettre en place des nouveaux sous-comptes. Le sous-compte par défaut est 'internet'."
"Error with the length of the validation date.","Erreur avec la longueur de la date de validation."
"Excl. Tax","Excl. impôt"
"External Checkout","Vérification externe"
"External Checkout: Guest Checkout","Validation externe : Guest Checkout"
"Failed","Raté"
"Failed payment authorization.","L'autorisation a été refusée."
"Figure !number:","Image !number:"
"For the Transaction Feedback please send the URL that is generated in the main module to Realex (<a href='mailto:support@realexpayments.com'>support@realexpayments.com</a>)","Pour le feedback de la transaction, veuillez envoyer l'URL qui est générée dans le module principal de Realex (<a href='mailto:support@realexpayments.com'> support@realexpayments.com </a>)"
"Force 3DSecure transaction, if customer is enrolled for 3DSecure. If not enrolled go on without 3DSecure.","Si le client est inscrit à 3D Secure, la transaction doit être traitée avec 3D Secure. Si le client n'est pas inscrit, la transaction sera faite sans 3D Secure."
"Forgot Your Password?","Vous avez oublié votre mot de passe?"
"Forgot your password?","Mot de passe oublié?"
"Full 3D Secure – cardholder enrolled","Full 3D Secure – titulaire de la carte inscrit"
"Get Update","Mettre à jour"
"Here you can insert a transaction prefix. The prefix allows you to change the transaction number that is transmitted to Realex. The prefix must contain the tag {id}. It will then be replaced by the order number (e.g. name_{id}).","Ici vous pouvez insérer un préfixe de la commande. Le préfixe vous permet de changer le numéro de commande qui est transmis à Realex. Le préfixe doit contenir le tag {id}. Il sera ensuite remplacé par le numéro de commande (par exemple name-{id}). Assurez-vous de ne pas utiliser '_'."
"Here you can insert an order prefix. The prefix allows you to change the order number that is transmitted to Authorize.net. The prefix must contain the tag {id}. It will then be replaced by the order number (e.g. name_{id}).","Ici vous pouvez insérer un préfixe de la commande. Le préfixe vous permet de changer le numéro de commande qui est transmis à Realex. Le préfixe doit contenir le tag {id}. Il sera ensuite remplacé par le numéro de commande (par exemple name-{id}). Assurez-vous de ne pas utiliser '_'."
"Here you may enter the shop id added to allow multiple stores with the same Realex account.","Ici, vous pouvez insérer l'ID de la boutique pour permettre d'utiliser plusieurs magasins avec le même compte Realex."
"Het kiezen van de encryptie-algoritme dat wordt gebruikt voor de ondertekening. Realex beveelt SHA1 gebruiken.","Het kiezen van de encryptie-algoritme dat wordt gebruikt voor de ondertekening. Realex beveelt SHA1 gebruiken."
"Hide","Masquer"
"I: Problem with check","I: Problem avec le check"
"IBAN","IBAN"
"IBAN number","Número du compte bancaire"
"If a product is in stock only once and the payment of the customer ordering this product fails or is aborted, it won't be available until the order is canceled (see timeout option below). Enable this setting to cancel the customer's pending orders when he returns to the cart page and a product is not available anymore.","S'il y a qu'une seule pièce de l'article en stock et le paiement du client échoue ou est annulé, cette article ne sera pas disponible jusqu'à que la commande soit annulée (option 'timeout' en bas). Activez cette option si vous voulez que l'article ne soit pas réservé. La commande sera donc annulée immédiatement."
"If a product is in stock only once and the payment of the customer ordering this product fails or is aborted, it won't be available until the order is canceled (see timeout option below). Enable this setting to cancel the customer's pending orders when he returns to the cart page and a product is not available anymore. Be careful though: If you enable this option, there is a chance that payments are made with the corresponding order being already canceled.","Si un produit est en stock qu'une seule fois et le paiement de la commande du client ce produit échoue ou est abandonnée, il ne sera pas disponible jusqu'à ce que la commande est annulée (voir option de temporisation ci-dessous). Activez ce paramètre pour annuler les commandes en attente du client quand il revient à la page de panier et un produit ne sont plus disponible. Attention: Si vous activez cette option, il ya une chance que les paiements sont faits avec la commande correspondante étant déjà annulé."
"If it is not applicable leave the field empty.","Si ce n'est pas applicable veuillez laisser le champ vide."
"If the status is 'Pending' it is unclear whether the transaction will be cancelled successfully.","Si l'état est 'En attente', il est difficile de savoir si la transaction sera annulée avec succès."
"If the status is 'Pending' it is unclear whether the transaction will be captured successfully.","Si l'état est 'En attente', il est difficile de savoir si la transaction sera capturé avec succès."
"If the status is 'Pending' it is unclear whether the transaction will be refunded successfully.","Si l'état est 'En attente', il est difficile de savoir si l'opération sera remboursé avec succès."
"If the test mode is selected the test account is used. Otherwise the configured account is used.","Si le mode de test est sélectionné, le compte test sera utilisé. Sinon, le compte configuré sera utilisé."
"If this error persists please contact Realex.","Si cette erreur persiste veuillez contacter Realex."
"If you have any issues with the module please feel free to contact us. See our <a href='https://www.sellxed.com/en/support' target='_blank'>support page</a> for more information.","Si vous avez des problèmes avec le module, n'hésitez pas à nous contacter. Consultez notre <a href='https://www.sellxed.com/en/support' target='_blank'>page d'assistance</a> pour plus d'informations."
"If you select this checkbox, the payment will be captured at the PSP and you can not add additional captures.","En cliquant sur la case, la commande sera capturée chez le prestataire de services de paiement. Il ne sera pas possible de faire d’autres captures."
"If you would like to use recurring payments, you need our magento module ""Customweb Subscription"". For further information go to <a href=""http://www.sellxed.com/shop/"" target=""_blank"">sellxed.com</a>.","Si vous souhaitez utiliser les paiements récurrents, vous avez besoin de notre module de Magento 'Customweb Subscription'. Pour plus d'informations, veuillez aller sur <a href=""http://www.sellxed.com/shop/"" target=""_blank"">sellxed.com</a>."
"Image Brand Selection","Image Brand Selection"
"In order to be able to open the Payment Page of Realex you must transmit the IP address of your server to Realex.","Afin d'être capable d'ouvrir la page de paiement de Realex vous devez transmettre l'adresse IP de votre serveur à Realex"
"In some cases it may take a few seconds until the transaction is successfully authorized. When this option is enabled, the notification is awaited.","Dans certains cas, il peut prendre quelques secondes jusqu'à ce que la transaction soit autorisée avec succès. Lorsque cette option est activée, la boutique attendra la notification quelques secondes."
"In some cases the transaction requires a few seconds until it is successfully authorized. When this option is enabled the user is hold until the transaction reach the final state. If this is not the case in 30 seconds a message is shown to the customer, which explains the situation.","Dans certains cas, l'opération nécessite quelques secondes jusqu'à ce qu'elle est autorisée avec succès. Lorsque cette option est activée l'utilisateur est en attente jusqu'à ce que celle-ci atteigne l'état final. Si ce n'est pas le cas en 30 secondes, un message s'affiche pour le client, qui explique la situation."
"Inactive","Inactif"
"Incl. Tax","Incl. TVA"
"Information","Information"
"Invalid CVC provided.","Le code CVC n'est pas valide."
"Invalid login or password.","Nom d'utilisateur inexistant ou mauvais mot de passe."
"Invoice Items","Eléments de la facture"
"Invoice Settlement","Le règlement des factures"
"Invoice Totals","Totaux facture"
"Invoice settlement","Génération de la facture"
"Invoice was created successfully","La facture a été créée avec succès"
"Invoices","Factures"
"Issue Number","Numéro"
"It is not possible to checkout in your country.","Paiements de ce pays ne seront pas acceptés."
"Item","Article"
"Items","Articles"
"Items Refunded","Articles Remboursé"
"JCB","JCB"
"Laser","Laser"
"Live HMAC Key","Live HMAC Key"
"Live Identifier (PBX_IDENTIFIANT)","Live identifiant (PBX_IDENTIFIANT)"
"Live Mode","Live Mode"
"Live Mode in Live Environment","Live Mode"
"Live Password","Mot de passe live"
"Live Rang (PBX_RANG)","Live Rang (PBX_RANG)"
"Live Site ID (PBX_SITE)","Live Site ID (PBX_SITE)"
"Logging","Logging"
"Login","Login"
"Login & Register","Login & Inscription"
"Login and password are required.","Login et mot de passe sont requis."
"M: Matched","M: Matches"
"MD5","MD5"
"Mail order/telephone order authorization","Authentification par e-mail / téléphone"
"Manage Stores","Gérer Magasins"
"Manage Realex Aliases","Gérer les Alias Realex"
"Mark all Transaction as certain","Marquer toutes les transactions certaines"
"MasterCard","MasterCard"
"Maximum Order Total","Montant de commande maximal"
"Merchant 3D Secure – cardholder not enrolled or attempt to authenticate acknowledged","Merchant 3D Secure – titulaire de la carte n'est pas inscrit ou tentative d'authentification reconnu"
"Merchant ID","Merchant ID"
"Merchant ID MOTO","Merchant ID MoTo"
"Message","Message"
"Method Title","Titre de la méthode"
"Minimum Order Total","Montant de commande minimal"
"Month","Mois"
"My Realex Aliases","Mes Alias Realex"
"N: Not Matched","N: Ne correspond pas"
"Never use 3DSecure","Ne jamais utiliser 3D Secure"
"New Order","Nouvelle commande"
"New Order Status","Nouvel statut de commande"
"New card","Nouvelle carte"
"Next Update Execution Date","Prochaine mise à jour"
"No","Non"
"No CVC code set.","Aucun code CVC a été saisi."
"No IBAN set.","L'IBAN n'a pas été fourni."
"No Items","Pas d'objet"
"No account holder set.","Pas de titulaire du compte saisi"
"No additional payment information available.","Aucune information de paiement supplémentaire est disponible."
"No authorization method found for payment method !method.","Aucun mode d'autorisation trouvé pour le mode de paiement !method."
"No button returned.","Pas de bouton retourné."
"No card expiry month is invalid.","Le mois d'expiration n'est pas valide."
"No card expiry month set.","Pas de carte d'expiration mois a été saisi."
"No card expiry year is invalid.","L'année d'expiration n'est pas valide."
"No card expiry year set.","Pas d'année d'expiration a été saisie."
"No card holder set.","Aucun titulaire de la carte a été saisi."
"No refund possible.","Remboursement n'est pas possible"
"No shipping method needed.","Aucun mode de livraison nécessaire."
"No, use the dropdown.","Utiliser le menu déroulant"
"Non 3D Secure transaction.","Transaction non 3D Secure."
"Notification URL","URL de notification"
"Only an authorized transaction can be marked as finally declined.","Seulement une transaction autorisée peut être marquée comme finalement déclinée."
"Only an uncertain transaction can be marked as finally declined.","Seulement une transaction incertaine peut être marquée comme déclinée."
"Only authorized transaction can be cancelled.","Seulement les transactions autorisées peuvent être annulées."
"Only authorized transaction can be captured.","Seulement les transactions autorisées peuvent être comptabilisées."
"Only authorized transaction can be refunded.","Seulement les transactions autorisées peuvent être remboursées"
"Only captured transaction can be refunded.","Seulement les transaction comptabilisées peuvent être remboursées."
"Only on captured transaction the flag customer refusing to pay can be set.","Il est seulement possible de définir un indicateur pour les clients qui n'ont pas payé sur les transactions capturées."
"Operation Mode","Mode de fonctionnement"
"Optionally: Activate the 3D-secure.","Facultatif: Activer 3D Secure."
"Optionally: Activate the transaction suitability score.","Facultatif: Activer le score de la transaction"
"Optionally: Alias manager. You need the alias manager in order to use subscriptions.","Facultatif: Gestionnaire d'Alias. Vous devez avoir le gestionnaire alias activé pour utiliser des abonnements."
"Order #","Numéro de commande"
"Order Grand Total","Total de l'ordre"
"Order Information","Informations sur la commande"
"Order Prefix","Préfixe pour la commande"
"Order Review","Revue de la commande"
"Order Summary","Résumé de la commande"
"Order Total","Total de la commande"
"Order cancelled, because the customer was too long in the payment process of Realex.","la commande a été annulée, parce que le client était trop long dans le processus de paiement de Realex"
"Order was placed using %s","Commande a été passée à l'aide de %s"
"Orders","Commandes"
"Orders with with payments that are longer pending than the specified timeout in minutes are cancelled automatically.","Les commandes où les paiements sont suspendu plus longtemps que le timeout spécifié en minutes seront anullées automatiquement."
"Our acquire doesn't support Realex-Payments-recurring-sequences.","Our acquire doesn't support Realex-Payments-recurring-sequences."
"Our acquire don't support Realex-Payments-recurring-sequences.","L'acquéreur ne supporte pas les transactions récurrentes."
"Our acquire support Realex-Payments-recurring-sequences.","L'acquéreur accepte les transactions récurrentes."
"P: Partial Match","P: Partial Match"
"Paid Amount","Montant payé"
"Partial refund not possible. You may retry with the total transaction amount.","Remboursement partiel n'est pas possible. Le montant est supérieur au montant total."
"Password","Mot de passe"
"Password and password confirmation are not equal.","Mot de passe et confirmation du mot de passe ne sont pas pareils."
"Pay with ____paymentMethodName____","Payer avec ____paymentMethodName____"
"Payment","Paiement"
"Payment ID","ID de paiement"
"Payment Id","Payment ID"
"Payment Information","Conditions de vente"
"Payment Method","Mode de paiement"
"Payment captured successfully.","Paiement a réussi à capturer."
"Payment could not be authorized. Cancelling order. Reason :","Le paiement ne peut être autorisée. Commande annulée. Raison:"
"Payment details can be entered after placing the order","Détails de paiement peuvent être insérés après avoir placé la commande"
"Payment from Applicable Countries","Paiement des pays applicables"
"Payment from Specific Countries","Paiement des pays spécifiques"
"Payment from applicable countries","Paiement des pays applicables"
"Payment from specific countries","Paiement des pays spécifiques"
"Payment is pending at RealexCw","Payment en attente chez RealexCw"
"Payment method description","Déscription du mode de paiement"
"Payment with %s","Paiement avec %s"
"Payment with Realex","Paiement avec  Realex"
"Payments may be updated periodically (interval in minutes). To use this feature you have to setup magento cron","Les paiements peuvent être actualisés automatiquement (interval en minutes) via API (si activé). Pour utiliser ce fonctionnement il faut configurer un cron pour Magento."
"Pending","En attente"
"Pending RealexCw","RealexCw En attente"
"Place Order","Soumettre la commande"
"Please agree to all the terms and conditions before placing the order.","Veuillez accepter les conditions générales avant de passer la commande."
"Please check the entered CVC number.","Veuillez vérifier le numéro CVC entré."
"Please check the entered credit card number.","Veuillez vérifier le numéro de carte de crédit indiqué."
"Please contact the merchant.","Veuillez contacter le marchand."
"Please enter here the Bank Identifier Code (BIC).","Veuillez insérer ici le code d'identification de banque (BIC)."
"Please enter here the CVC code from your card. You find the code on the back of the card.","Insérez le code de sécurité de la carte. Vous le trouverez à l’arrière de la carte"
"Please enter here the International Bank Account Number (IBAN).","Veuillez insérer l'IBAN de votre compte banquaire."
"Please enter here the account holder name on the card.","Veuillez insérer ici le nom du titulaire de la carte."
"Please enter here the account holder name.","Veuillez insérer ici le nom du titulaire du compte."
"Please enter here the account number of your bank account.","Veuillez insérer l'IBAN de votre compte banquaire."
"Please enter here the bank code of your bank.","Veuillez insérer le code de votre banque."
"Please enter here the card holder name on the card.","Veuillez insérer le nom du titulaire de la carte"
"Please enter here the commercial number of your company.","Il faut insérer le numéro de commerce de votre entreprise."
"Please enter here the name of the account owner.","Vous devez insérer le titulaire de compte"
"Please enter here the number on your card.","Veuillez insérer le numéro de carte bancaire."
"Please enter here the sales tax number of your company.","Veuillez insérer ici le numéro de taxe de vente de votre entreprise."
"Please enter here your social security number.","Veuillez insérer votre numéro de sécurité sociale."
"Please enter the BIC number.","Veuillez insérer le numéro BIC."
"Please enter the location of your bank.","Vous devez insérer le lieu de votre banque."
"Please enter the name of your bank.","Veuillez insérer ici le nom de votre banque."
"Please enter your IBAN number.","Veuillez insérer votre numéro IBAN."
"Please enter your issue number, if there is no CVC code on your card.","Veuillez insérer votre numéro, s'il n'y a pas de code CVC de votre carte."
"Please flash or disable the cache storage and retry. If this did not help, change the authorization method to PaymentPage and <a href=""%s"" target=""_blank"">contact sellxed</a>.","Veuillez vider ou désactiver votre cache et essayer à nouveau. Si cela n'aide pas à résoudre le problème, veuillez changer la méthode d'autorisation à Payment Page et <a href=""%s"" target=""_blank"">contactez le support sellxed</a>."
"Please flash or disable the cache storage and retry. If this did not help, change the authorization method to PaymentPage and <a href=""%s"" target=""_blank"">contact sellxed</a>.', 'http://www.sellxed.com/en/support","Veuillez vider votre cache et essayer à nouveau. Si cela n'aide pas à résoudre le problème, changez la méthode d'autorisation à Payment Page et <a href=""%s"" target=""_blank"">contactez le support sellXed.</a>.', 'http://www.sellxed.com/en/support"
"Please flush or disable the cache storage and retry. If this did not help, change the authorization method to PaymentPage and <a href=""%s"" target=""_blank"">contact sellxed</a>.","Veuillez vider ou désactiver le cache et veuillez essayer à nouveau. Si cela n'aide pas à résoudre le problème, changez la méthode d'autorisation sur PaymentPage et contactez <a href=""%s"" target=""_blank"">sellxed</a>."
"Please log in below:","Merci de vous identifier:"
"Please select","Sélectionner s'il vous plaît"
"Please select a shipping method before sending the order.","Sélectionnez un mode de livraison avant d'envoyer la commande."
"Please select the Bank Identifier Code (BIC) of your bank.","Veuillez sélectionner le code d'identification de votre banque. (BIC)"
"Please select the day of your birth.","Veuillez sélectionner le jour de votre naissance."
"Please select the expiry month on your card.","Sélectionnez le mois de l'expiration de votre carte"
"Please select the expiry year on your card.","Veuillez insérer la date d'expiration de la carte."
"Please select the month of your birth.","Veuillez sélectionner le mois de votre date de naissance."
"Please select the the year of your birth.","Veuillez  sélectionner l'année de votre date de naissance."
"Please send the notification URL and the IP address of the server to <a href='mailto:support@realexpayments.com'>support@realexpayments.com</a>. You can find both information below.","Veuillez envoyer l'URL de notification et l'adresse IP du serveur à <a href='mailto:support@realexpayments.com'>support@realexpayments.com</a>. Vous pouvez trouver les informations ci-dessous."
"Please wait, processing your order...","Veuillez patienter, le traitement de votre commande..."
"Price","Prix"
"Product","Produit"
"Product Name","Nom du produit"
"Purchase Point","Lieu d'achat"
"Qty","Quantité"
"RealVault Security Measure","Mesure de sécurité pour RealVault"
"Rebate Password","Mot de passe de remboursement"
"Recurring Payments","Paiements récurrents"
"Recurring Sequences","Les séquences récurrentes"
"Redirect","Redirection"
"Refund Amount","Montant du remboursement"
"Refund ID","ID de remboursement"
"Refund amount","Montant du remboursement"
"Refund failed with message: !message","Opération de remboursement a échoué avec un message: !message"
"Refund information","Information de remboursement"
"Refund status","Statut de remboursement"
"Refunded Amount","Montant du remboursement"
"Refunds","Remboursements"
"Register","Inscrivez-vous"
"Register to Create an Account","S'inscrire pour créer un compte"
"Register with us for future convenience:","Inscrivez-vous chez nous pour plus de commodité dans l'avenir:"
"Release Date","Date de sortie"
"Review","Review"
"Rounding Adjustment","Ajustements d'arrondi"
"Row Total","Total de la ligne"
"SEPA Mandate ID","SEPA Mandate ID"
"SHA1","SHA-1"
"SKU:","SKU:"
"Sales","Ventes"
"Sales Tax Number","Numéro de taxe de vente"
"Save","Sauvegarder"
"Saved cards:","Cartes enregistrées:"
"See order and shipping status","Voir le statut de la commande et le statut de livraison"
"Select Brand","Sélectionnez le type de la carte"
"Select Method","Sélectionner la méthode"
"Select the authorization method to use for processing this payment method.","Sélectionnez un mode d'autorisation pour le traitement de ce mode de paiement."
"Select the date of your birth.","Veuillez sélectionner votre date de naissance."
"Select the date on which your card expires.","Séléctionnez la date d'expiration de la carte."
"Send Invoice Email","Envoyer un e-mail avec la facture"
"Send amounts to Realex in base currency.","Envoyer des montants à  Realex dans la devise de base."
"Send amounts to Realex in store's base currency.","Envoyer les montants à Realex dans la devise de base de la boutique."
"Send invoice email","Envoyer la facture"
"Send the invoice email automatically after invoice creation.","Envoyer l'email de facture automatiquement après la création de la facture."
"Set direct capture after order. In this case your authoization will directly be captured on your customer's credit card","Si vous séléctionnez 'Comptabilisation dirècte' le montant sera tout de suite débité de la carte du client. Si vous séléctionnez 'Comptabilisation retardée' le montant sera débité avec un certain temps défini par vous."
"Set the sort order to show the external checkouts.","Définir l'ordre de montrer les checkouts externes."
"Settlement after order","Génération après la commande"
"Setup","Setup"
"Shipping & Handling","Livraison"
"Shipping Address","Adresse de livraison"
"Shipping Amount","Montant des frais de livraison"
"Shipping Information","Informations sur la livraison"
"Shipping Method","Mode de livraison"
"Shipping Methods","Modes de livraison"
"Shipping Refund","Remboursement des frais de livraison"
"Shop","Shop"
"Shop ID","Shop ID"
"Short Installation Instructions:","Instructions d'installation:"
"Should the amount be captured / settled automatically after the order (auto settle) or should the amount only be reserved?","Est-ce que le montant doit être comptabilisé automatiquement après la commande (direct) ou est-ce que le montant doit seulement être réservé (différé)?"
"Show","Voir"
"Show Account Selection","Voir la sélection de compte"
"Show Further Settings and Information","Afficher plus de paramètres et d'informations"
"Show Image","Afficher Image"
"Show Payment Id","Afficher Payment ID"
"Show the payment id","Présenter l'ID de paiement"
"Show the payment id in the order information","Afficher l'ID de paiement dans le bon de commande"
"Show the payment image","Montrer l'image de paiement"
"Show the payment image on the checkout page","Montrer l'image de paiement sur la page de paiement"
"Sign In","Connexion"
"Signature Passphrase","Signature Passphrase"
"Social Security Number","Numéro de sécurité sociale"
"Sort Order","Ordre De Tri"
"Status","Statut"
"Store the payment details","Enregistrer les détails de paiement"
"Stored payment details","Détails de paiement enregistrées"
"Subacount","Sous compte"
"Submit Order","Confirmer la commande"
"Submitting order information...","Soumission des données de la commande..."
"Subtotal","Sous-total"
"Success","Succès"
"Successful","Succès"
"Successful online refund of amount","Remboursement en ligne réussie de montant"
"Successful payment authorization.","Paiement autorisé"
"Successfull online refund of amount","Remboursement en ligne réussie de montant"
"Support","Support"
"TSS (Transaction Suitability Scoring) system","TSS (Transaction Suitability Scoring) System"
"TSS Value","Valeur TSS"
"TSS lower bound","TSS limite inférieure"
"Tax Amount","Montant de l'impôt"
"Technical issue: This payment methods is not available at the moment.","Problème technique: Cette méthode de paiement n'est pas disponible en ce moment."
"Template URL","URL du template"
"Test Environment","Environnement de test"
"Test Mode","Mode test"
"Test Mode in Live Environment","Mode test dans l'environnement de production"
"Test Transaction","Transaction de test"
"The 3-D secure authorization failed because of temporary issue with the authentication system.","L'autorisation 3D Secure a échoué en raison d'un problème temporaire avec le système d'authentification."
"The 3-D secure authorization failed.","3D Secure a échoué."
"The 3-D secure enrollement status of your card could not be checked.","Le statut 3-D Secure de votre carte n'a pas pu être vérifiée."
"The 3-D secure enrollment does not return the ASC URL or the ASC pareq parameter.","L'inscription en 3D Secure ne retourne pas l'URL de l'ASC ou le paramètre ASC Pareq."
"The HMAC key as defined in the live backoffice of Realex. You may need generate the HMAC key. Please take a look at the manual how to do this.","La clé HMAC tel que défini dans le backoffice de production de Realex. Vous devrez peut-être générer la clé HMAC. Veuillez jeter un coup d'oeil sur le manuel pour savoir comment faire cela."
"The Paymentmethod the customer choose on the paymentpage.","La méthode de paiement choisi par le client sur la page de paiement."
"The SEPA mandate schema does not contain the tag '!tag'. This tag is required.","Le schéma de mandat SEPA ne contient pas le mot-clé '!tag'. Ce mot-clé est obligatoire."
"The account has been deactivated by Realex.","Le compte a été désactivé par Realex."
"The alias could not be found.","L'alias na pas été trouvé."
"The alias has been deleted.","L'alias a été supprimé."
"The alias transaction could not be conductet with error code: !code, and reason: !reason:","La transaction alias n'a pas pu être réalisée. Code d'erreur: !code et raison: !reason"
"The amount cannot be charged on the customer's card.","Le montant ne peut pas être facturé sur la carte du client."
"The amount cannot be charged on your card.","Le montant ne peut pas être facturé sur votre carte."
"The amount could not be verified.","Le montant n'a pas pu être vérifié."
"The amount in the choosen currency could not be charged.","Le montant dans la monnaie choisie n'a pas pu être débité."
"The amount in the given currency could not be charged.","Le montant dans la monnaie choisie n'a pas pu être débité."
"The amount of !amount is authorized.","Le montant de !amount est autorisé."
"The amount of !amount is captured.","Le montant de !amount est capturé."
"The authorizaltion could not be done.","The authorizaltion could not be done."
"The authorization at the bank failed.","L'autorisation chez la banque a échoué."
"The authorization could not be done.","L'autorisation n'a pas pu être faite."
"The authorization failed. May be the Switch Card isssue number is wrong.","L'autorisation a échoué. Peut-être le le nombre d'émission de Switch Card n'est pas correct."
"The authorization method '!method' is not supported.","Le mode d'autorisation '!method' n'est pas accepté."
"The authorization was not successful","Erreur d'autorisation. Autorisation sans succès."
"The bank has a scheduled maintenance outage.","La banque dispose d'un arrêt d'entretien prévu."
"The bank refuse the transaction. Reason: !reason","La banque a refusé la transaction. Raison: !reason"
"The bank reports an unkown error.","La banque signale une erreur inconnue."
"The bank system seems to be down to an unkown reason.","Le système bancaire semble être hors-ligne."
"The brand of the credit card is detected by the card number if hidden authorization is used. If the payment page is used, the user has to select the brand. The allowed credit card brands can be restricted by this setting.","Le type de la carte de crédit est détecté par le numéro de la carte si une autorisation cachée est utilisé. Si la page de paiement est utilisé, l'utilisateur doit sélectionner la marque. Les marques de cartes de crédit autorisés peuvent être limitées par ce paramètre."
"The brand of the credit card is detected by the card number if server/remote authorization is used. If the payment-page/redirect is used, the user has to select the brand. The allowed credit card brands can be restricted by this selection.","La marque de la carte de crédit est détecté par le numéro de la carte si le serveur / à distance autorisation est utilisé. Si le Payment Page / Redirection est utilisée, l'utilisateur doit sélectionner la marque. Les marques de cartes de crédit autorisés peuvent être limitées par cette sélection."
"The brand with external name '!key' was not present in the map.","La marque avec le nom externe '!key' n'était pas présent dans la carte."
"The brand with key '!key' was not found in the card information map.","La marque '!key' n'a pas été trouvée dans les marques disponibles."
"The calculated and returned hash do not match.","Le Hash calculé et retourné ne correspondent pas."
"The cancellation could not be conducted. Error code: !error.","L'annulation n'a pas pu être réalisée. Code d'erreur: !error."
"The capture amount (!captureAmount) cannot be greater than the authorized amount (!authorizedAmount).","Le montant de comptabilisation (!captureAmount) ne peut pas être supérieur au montant autorisé (!authorizedAmount)."
"The capture item with SKU '@sku' has a higher amount (@amountItem) as the original item (@amountOriginal).","L'élément de capture avec SKU '@sku' a un montant plus élevé (@amountItem) comme l'élément d'origine (@amountOriginal)."
"The capture item with SKU '@sku' is not present in the original order.","L'élément de capture avec SKU '@sku' n'est pas présent dans la commande original."
"The capturing could not be conducted. Error code: !error.","La capture n'a pas pu être réalisée. Code d'erreur: !error."
"The card brand selection is automatically done depending on the entered card number. If no Javascript is active in the browser, a drop down is shown. In case JavaScript a the brand logos can be shown. Should the brand selection using images?","La sélection de la marque de la carte se fait automatiquement à partir du numéro de carte inséré. Si Javascript n'est pas actif dans le navigateur, un menu déroulant apparaît. Si JavaScript est activé, les logos de marques peuvent être affichées. Afficher les logos au lieu du menu déroulant?"
"The configuration has been saved.","La configuration a été enregistrée."
"The configured merchant was not found.","Le marchand configuré n'a pas été trouvé."
"The controller class '@controller' does not provide any method with annotation 'Customweb_Payment_Endpoint_Annotation_ExtractionMethod' and valid output.","Le contrôleur '@controller' ne fournit pas de méthode avec l'annotation 'Customweb_Payment_Endpoint_Annotation_ExtractionMethod' et de données valides."
"The customer does not finish the payment with in the timeout.","Le client n'a pas fini le paiement dans le délai imparti."
"The customer's card has been cancelled.","La carte du client a été annulée."
"The customer's card is expired.","La carte du client est expiré."
"The customer's card number seems to be invalid.","Le numéro de carte du client semble être invalide."
"The customer's has been declined by a unkown reason.","Le client a été rejeté par une raison inconnue."
"The customers's card is reported to be stolen or lost.","Votre carte semble être signalée comme volée ou perdue."
"The date of birth is required.","La date de naissance doit être indiquée."
"The entered CVC is too short.","Le CVC inséré est trop court."
"The expected format is '!format' where the 'MM' means the month number and 'YY' the year number.","Le format doit être '!format' où le 'MM' veut indiquer le numéro du mois et 'AA' le numéro de l'année."
"The expiry date is in a invalid format.","La date d'expiration n'est pas valide"
"The field '!field' is to short. It should be (at least) !length characters long. Please contact us to check why your order fails.","Le champ 'field' est trop court. Il devrait être (au moins) !length caractères de long. Contactez nous pour vérifier pourquoi votre commande échoue."
"The gender is required.","Le sexe doit être spécifié."
"The given CVC code has the wrong length.","Le code CVC inséré a une longeur incorecte."
"The given card number has an invalid check sum.","Le numéro de carte donné a une somme de contrôle invalide."
"The given card number has an invalid length.","Le numéro de carte inséré a une longueur invalide."
"The given hmac key is empty.","La clé HMAC donnée est vide."
"The given identifier is empty.","L'identificateur donné est vide."
"The given password is empty.","Le mot de passe donné est vide."
"The given rang is empty. It must be a nummeric value with length of two.","Le champ 'rang' donné est vide. Il doit être une valeur nummerique avec une longueur de deux."
"The given rang is invalid. It must be a nummeric value with length of two.","Le champ 'rang' n'est pas valide. Il doit être une valeur numérique avec une longueur de deux."
"The given site number is empty.","Le nombre de site donné est vide."
"The identifier as defined in the backoffice of Realex.","L'identifiant tel que défini dans le backoffice de Realex."
"The invoice could not be captured and processed by","La facture n'a pas pu être comptabilisée et traitée par Realex."
"The invoice could not be captured and processed. Reason:","La facture n'a pas pu être capturée et traitée. Raison:"
"The invoice could not be found.","La facture n'a pas été trouvée."
"The invoice has been changed.","La facture a été changé."
"The invoice no longer exists.","La facture n'existe plus."
"The issuer number for your Switch Card seems to be wrong.","Le numéro de l'émetteur de votre Switch Card semble être faux."
"The layout does not contain the tag '!layout_tag'.","Le layout ne contient pas le mot-clé '!layout_tag'."
"The merchant ID as given by your Payment-Service-Provider (Realex).","L'ID de marchand donné par votre fournisseur de services de paiement (Realex)."
"The merchant seems not be authorized to execute the transaction.","Il semble que le marchand n'est pas autorisé à exécuter la transaction."
"The next update execution date indicates when the next cron is run to update the transaction state.","La prochaine date d'exécution de mise à jour indique lorsque le cron suivant sera exécuté pour mettre à jour l'état de la transaction."
"The order is not fully completed. Please contact the store owner.","Le paiement ne peut être effectué."
"The password key given by Realex which is needed in order to perform a refund.","Le mot de passe donné par Realex qui est nécessaire afin d'effectuer un remboursement."
"The payment failed. The response data has been tampered. Please contact the merchant.","Le paiement a échoué. Les données de la réponse ont été falsifiés. Veuillez contacter le marchand."
"The payment form will be displayed after submitting the order.","La forme de paiement sera affichée après avoir confirmé la commande."
"The payment has been accepted.","Le paiement a été accepté"
"The payment has been denied.","Le paiement a été refusé."
"The payment method !paymentMethodName does not support the currency '!currency'.","La méthode de paiement !paymentMethodName ne supporte pas la devise '!currency'."
"The payment method !paymentMethodName is not available in your country ('!country').","La méthode de paiement !paymentMethodName n'est pas disponible dans votre pays ('!country')."
"The payment update has been made.","La mise à jour de paiement a été effectué."
"The paymnet system seems currently to be offline. Please try it later again.","Le système de paiement semble être actuellement hors ligne. Veuillez réessayer plus tard."
"The provided signature does not match with the one calculated.","La signature fournie ne correspond pas à celle calculée."
"The rang (PBX_RANG) as defined in the live backoffice of Realex. It must be nummeric value with length two. In the backoffice it may be displayed as a three char value. You must truncate the first digit.","Le champ 'rang' (PBX_RANG) tel que défini dans le backoffice de production de Realex. Il doit être nummeric avec deux caractères de long. Dans le backoffice il peut être affiché comme trois caractères. Vous devez tronquer le premier chiffre."
"The redirect response from PayPal was unsuccessful.","La réponse de redirection de PayPal a échoué."
"The refund item with SKU '@sku' has a higher amount (@amountItem) as the original item (@amountOriginal).","L'article de remboursement avec SKU '@sku' a un montant plus élevé (@amountItem) comme l'article d'origine (@amountOriginal)."
"The refund item with SKU '@sku' is not present in the original order.","L'article de remboursement avec SKU '@sku' n'est pas présent dans la commande originale."
"The refunding could not be conducted. Error code: !error.","Le remboursement n'a pas pu être réalisé. Code d'erreur: !error."
"The response hash seems to be manipulated, hence the transaction was rejected.","Le Hash de la réponse semble être manipulé, la transaction a été rejetée."
"The response seems to be manipulated, hence the transaction was rejected.","La réponse semble être manipulée, à cause de ça la transaction a été rejetée."
"The retailer is not known.","Le distributeur n'est pas connu."
"The shopping cart has been altered!","Le panier a été changé!"
"The signature could not be verified.","La signature ne peut pas être vérifiée."
"The signature key given by Realex .","La clé de signature donnée par Realex."
"The site id (PBX_RANG) as defined in the backoffice of Realex.","L'identifiant du site (PBX_RANG) tel que défini dans le backoffice de Realex."
"The total refund amount (!totalRefundedAmount) cannot be greater than the captured amount (!capturedAmount).","Le montant total du remboursement (!totalRefundedAmount) ne peut pas être supérieur à la quantité capturée (!capturedAmount)."
"The transaction cannot be cancelled online.","La transaction ne peut être annulée en ligne."
"The transaction cannot be captured online.","La transaction ne peut être capturée en ligne"
"The transaction cannot be refunded online.","La transaction ne peut être remboursé en ligne."
"The transaction failed due to an unkown reason.","La transaction a échoué à cause d'une raison inconnue."
"The transaction failed with error code !code.","L'opération a échoué avec le code d'erreur: !code."
"The transaction is only executed in the test system. The goods should not be delivered.","La transaction a est exécutée uniquement dans le système de test. Les produits ne doivent pas être livrés."
"The transaction was not valid. The bank refuse it.","La transaction n'est pas valide. La banque a refusé la transaction."
"The transactions with one of the selected CVN Reuslts will be marked as uncertain. (Here Realex-Payment recommend 'CVN Not Matched' and 'CVN Not Processed')","Les transactions avec un des résultat des CVN sélectionnés, seront marquées comme incertaines. (Ici Realex recommande 'CVN ne correspond pas' et 'CVN pas traité')"
"The transactions with one of the selected CVN Reuslts will be marked as uncertain. (Here Realex recommend 'CVN Not Matched' and 'CVN Not Processed')","The transactions with one of the selected CVN Reuslts will be marked as uncertain. (Here Realex recommend 'CVN Not Matched' and 'CVN Not Processed')"
"The whole transaction is cancelled.","Toute la transaction a été annulée."
"There has been a problem during the processing of your payment.","Il y a eu un problème lors du traitement de votre paiement."
"There has been a problem during the processing of your payment. Please contact the shop owner to make sure your order was placed successfully.","Il ya eu un problème lors du traitement de votre paiement. Veuillez contacter le propriétaire de la boutique pour vous assurer que votre commande a été placée avec succès."
"There is a problem with your license. Please contact us (www.sellxed.com/support). Reason: %1","Il y a un problème avec votre licence. S'il vous plaît nous (www.sellxed.com/support) contacter. Raison: %1"
"There is a problem with your license. Please contact us (www.sellxed.com/support). Reason: %s","Il y a un problème avec votre licence. S'il vous plaît contactez-nous (www.sellxed.com/support). Raison: %s"
"There is already a customer registered using this email address. Please login using this email address or enter a different email address to register your account.","Il y a déjà un client enregistré avec cette adresse e-mail. Connectez-vous à l'aide de cette adresse ou insérez une adresse e-mail différente pour l'enregistrer votre compte."
"There occours a network outage at the bank side.","Il y a eu une panne de réseau du côté de la banque."
"There occours an error with the payment system.","Une erreur avec le système de paiement a eu lieu."
"There seems to be a problem with the Realex module.","Il semble avoir un problème avec le module de Realex."
"There seems to be an error in the implementation of the payment module. Details: '!details'.","Il semble y avoir une erreur dans la configuration du module de paiement. Détails: '!details'."
"There seems to be an error of your Realex account. Details: '!details'.","Il semble y avoir une erreur dans la configuration de votre compte Realex. Détails: '!details'."
"There was an error validating the login and password.","ll y eu une erreur pendant la validation du login et du mot de passe."
"There was no PayPal token returned. Please contact your merchant.","Il n'y a aucun token PayPal retourné. Veuillez contacter votre marchand."
"This URL has to be placed in the backend of Realex under Configuration > Technical Information > Transaction Feedback and their in the two fields for 'Direct HTTP server-to-server request'.","Cette URL doit être placé dans le backend de Realex sous Configuration > Technical Information > Transaction Feedback, dans les deux champs pour 'Direct HTTP server-to-server request'."
"This URL has to be reported to Realex. The transaction notification must be sent to this URL.","Cette URL doit être signalée à ___paymentServiceProviderName___. La notification de transaction doit être envoyée à cette URL."
"This account is not confirmed. <a href=""%s"">Click here</a> to resend confirmation email.","Ce compte n'est pas confirmé. <a href=""%s"">Cliquez ici</a> pour renvoyer l'email de confirmation."
"This is a brief instruction of the main and most important installation steps, which need to be performed when installing the Realex module. For detailed instructions regarding additional and optional settings, please refer to the enclosed instructions in the zip.","Ceci est une brève instruction des étapes de l'installation, qui doivent être effectuées lors de l'installation du module Realex. Pour obtenir des instructions détaillées concernant les paramètres supplémentaires et optionnels, veuillez vous référer aux instructions dans le zip du module."
"This is the URL required by the Skin Creator","Ceci est l'URL requis pour le Skin Creator."
"This is the name of the account holder).","Ceci est le nom du titulaire du compte."
"This is the technical alias token (Alias Manger/Realvault).","Ceci est l'alias token technique (Alias Manager/RealVault)."
"This password is used for recurring payments and for the alias manager as well as for the server authorization. This is the password of the Realex account.","Ce mot de passe est utilisé pour les paiements récurrents et pour la gestion des alias, ainsi que pour l'autorisation du serveur. C'est le mot de passe du compte Realex."
"This setting can be used to activate resp. deactivate the 3D secure check. Please check with PayBox if you are allowed to deactivate the 3D secure check. This setting has only an effect when you use the payment page.","Ce setting peut être utilisé pour activer ou désactiver le contrôle 3D Secure. Veuillez vérifier avec PayBox si vous êtes autorisé à désactiver le contrôle 3D Secure. Ce paramètre aura seulement un effet que si vous utilisez la page de paiement."
"This status is set, when the payment was successfull and it is authorized.","Cet état est défini, lorsque le paiement a été un succès et il est autorisé."
"This transaction is already closed for further captures.","Cette transaction a déjà été fermée pour plus de comptabilisations."
"This transaction is already closed for further refunds.","Cette transaction a déjà été fermée pour d'autres remboursements."
"This transaction no longer exists.","Cette transaction n'existe plus."
"Timeout for pending payments (min)","Timout pour les paiements en attente (min.)"
"Titel","Titre"
"Title","Titre"
"Title of the payment method","Nom de la méthode de paiement"
"To use the RealVault some banks require additional security measures to make sure that the customer account can not be used by an attacker. With this option you can control, what measure is applied. Either the CVC can be asked always or the delivery address is checked, if it is the same as in the initial transaction.","Pour utiliser le RealVault certaines banques exigent des mesures de sécurité supplémentaires afin de s'assurer que le compte du client ne peut pas être utilisé par un attaquant. Avec cette option, vous pouvez contrôler, quelle mesure est appliquée. Soit le CVC peut être demandé toujours ou l'adresse de livraison est contrôlée, si elle est la même adresse  que dans la transaction initiale."
"Total","Total"
"Total Shipping Charges","Total des frais d'expédition"
"Track order history","Suivi de la commande"
"Transaction","Transaction"
"Transaction Authorized","Transaction autorisée"
"Transaction Cancelled","Transaction annulée"
"Transaction Captured","Transaction comptabilisée"
"Transaction History","Relevé des opérations"
"Transaction ID Prefix","Transaction ID Prefix"
"Transaction Id","Transaction ID"
"Transaction Paid","Transacion payée"
"Transaction Uncertain","La transaction est incertaine"
"Transaction Updates","Mises à jour pour les transactions"
"Transaction cancelled successfully","La transaction a été annulée"
"Transaction captured successfully","Transaction capturé avec succès"
"Transaction history","Historique de transactions"
"Transaction was authorized over the deferred authorization mechanism.","L'opération a été autorisée avec le mécanisme d'autorisation différé."
"Transactions","Transactions"
"Transactions with one of the selected statuses will be marked as certain. Uncertain transactions need manual confirmation by the merchant. This service only works for UK cardholders as it uses the street address and postcodes of the cardholders. The Realauth redirect service supports AVS where it is supported by the merchant???s acquiring bank and the cardholder???s issuing bank. If a transaction fails an AVS check it will not automatically be declined by your bank. It is an advisory service and requires that the details of non matched transactions be checked by the merchant.","Les transactions avec l'un des statuts sélectionnés seront marquées comme certaines. Les transactions incertaines doivent être confirmées manuellement par le marchand. Ce service ne fonctionne que pour les titulaires des cartes du Royaume-Uni car il utilise l'adresse de la rue et les codes postaux des détenteurs de cartes. Le service Realauth redirect accepte AVS où il sera accepté par la banque d'acquisition du marchand et par la banque émettrice. Si une transaction échoue à un AVS vérifier qu'il ne sera pas automatiquement refusé par votre banque. C'est un service consultatif et exige que les détails des transactions non appariés soient vérifiées par le marchand."
"Transactions with one of the selected statuses will be marked as certain. WARNING: Uncertain transactions by the definition of Realex Payments (default value) are not covered by the credit card company, the merchant carries the risk. Nevertheless some merchants prefer to take some risk instead of checking uncertain transactions manually.","Transactions avec l'un des statuts sélectionnés seront marqués comme certaine. ATTENTION: les transactions incertaines par la définition de Realex (Valeur par défaut) ne sont pas couvertes par la compagnie de carte de crédit, le commerçant porte le risque. Néanmoins, certains commerçants préfèrent prendre des risques au lieu de vérifier les transactions incertaines manuellement."
"U: Unable to check (not certified etc)","U: Unable to check (not certified etc)"
"URLs","URLs"
"Unable to save the invoice.","Impossible d'enregistrer la facture."
"Uncertain Status","Statut incertain"
"Uncertain transactions","Transactions incertaines"
"Update","Mettre à jour"
"Update Qty's","Ajuster la quantité"
"Update interval for payments","Interval de l'actualisation pour paiements via API"
"Update order and transaction information over cron.","Mettre à jour la commande et les informations de transaction avec le cron."
"Update process by accessing the update URL or by invoking in the admin interface.","Processus Mettre à jour en accédant à la mise à jour URL ou en appelant à l'interface d'administration."
"Use Base Currency","Utiliser devise de base"
"Use Default","Utilisez les paramètres standard"
"Use base currency","Utiliser la devise de base"
"VISA","VISA"
"Validation","Valider"
"Version","Version"
"View","Afficher"
"Wait On Success Page","Attendre sur la page de la réussite"
"We can not process the 3-D secure response, because we do not get the additional data transmitted with the redirection to the ACS service.","Nous ne pouvons pas traiter la réponse 3D Secure, parce que nous n'avons pas les données supplémentaires transmises à la redirection vers le service ACS."
"We cannot get the transaction instance.","Nous ne pouvons pas établir une transaction."
"We experienced a problem with your sellxed payment extension. For more information, please visit the configuration page of the plugin.","Il y a un problème avec votre module de paiement sellxed. Pour plus d'informations, veuillez visiter la page d'informations du plugin."
"When the store is not available (network outage, server failure or any other outage), when the feedback of Realex is sent, then the transaction state is not updated. Hence no order confirmation e-mail is sent and the order is not in the paid state. By activating the transaction update, such transactions can be authorized later over direct link. To use this feature the update service must be activated and the API username and the API password must be set.","Lorsque la boutique n'est pas disponible (panne de réseau, une panne de serveur ou de toute autre panne), après le retour de Realex envoyé,  le statut de la transaction ne sera pas mis à jour. Par conséquent, aucune confirmation de commande sera envoyé par e-mail et la commande n'aura pas le statut payé. En activant la mise à jour de la transaction, ces opérations peuvent être autorisées plus tard sur la liaison directe. Pour utiliser cette fonction, le service de mise à jour doit être activé et le nom d'utilisateur de l'API et le mot de passe de l'API doit être aussi configuré."
"When using an external checkout, the customer can either be asked to chose an option to authenticate (as guest, register or login) or he can always be checked out as guest. For the second option to work, guest checkout has to be enabled in magento.","Lorsque vous utilisez une commande externe, le client peut soit sélectionner une option d'authentification (en tant qu'invité, inscription ou login) ou il peut toujours être vérifié en tant qu'invité. Pour la deuxième option, guest checkout doit être activé chez Magento."
"With this option set to yes, all valid transactions will be marked as certain. WARNING: Uncertain transactions by the definition of Realex (default value) are not covered by the credit card company, the merchant carries the risk. Nevertheless some merchants prefer to take some risk instead of checking uncertain transactions manually.","En activant cette option, toutes les transactions valides seront marqués comme certaine. ATTENTION: les transactions incertaines par la définition de Realex (valeur par défaut) ne sont pas assurées par la compagnie de carte de crédit, le commerçant porte le risque. Néanmoins, certains commerçants préfèrent prendre des risques au lieu de vérifier les transactions incertaines manuellement."
"With this setting set to active, an AVS-Check (Address Verification System) is carried out. According to your AVS-Settings.","Avec ce paramètre activé, un contrôle d'AVS (Address Verification System) est effectuée en fonction de vos paramètres AVS."
"With this setting set to active, you customers credit card credential will be stored safely at Realex. A token refering to the stored information is stored together with the corresponding customer data. That way your customer only need to type the minimum amount of data. Realex takes charges for the RealVault-Service. Please make sure to activate RealVault at Realex first.","En activant ce paramètre, les informations de la carte de crédit du client seront stockées en toute sécurité chez Realex. Un alias référant aux informations de la carte de crédit sont stockées ensemble avec les données de la carte du client correspondant.  De cette façon, votre client a seulement besoin insérer une quantité minimale de données. Realex prend les frais du service RealVault. S'il vous plaît assurez-vous d'activer RealVault chez Realex avant d'activer cette option."
"Year","Année"
"Yes","Oui"
"Yes, please store my card data for next time.","Yes, please store my card data for next time."
"Yes, use images for the brand selection.","Oui, utiliser des images pour la sélection du type."
"You are not allowed to do this transaction.","Vous n'êtes pas autorisé à faire cette opération."
"You can allow the customers to manage/delete their aliases in the their account.","Vous pouvez permettre aux clients de gérer / supprimer leurs alias dans leur compte."
"You can decide on the order status new orders should have after they are processed successfully.","Spécifiez le statut de la commande pour les nouvelles commandes qui ont été traitées avec succès."
"You can decide on the order status new orders should have that have an uncertain authorization status.","Spécifiez le statut de la commande pour les nouvelles commandes avec un statut d'autorisation incertain."
"You can specify the order status for new orders that have an uncertain authorisation status.","Vous pouvez spécifier le statut de la commande pour les nouvelles commandes qui ont un statut d'autorisation incertain."
"You can specify the order status for orders that are captured either directly after the order or manually in the backend.","Vous pouvez spécifier le statut de la commande pour les commandes qui sont capturés soit directement après la commande ou manuellement depuis le backend."
"You can specify the order status when an order is cancelled.","Vous pouvez spécifier le statut de la commande quand une commande est annulée."
"You can switch between test and live mode. In the test mode, test cards will be available and the transactions will go to the test-sub-acounts.","Vous pouvez choisir entre le mode test et le mode live. Dans le mode de test, des cartes de test seront disponibles et les transactions seront envoyées à des sous-comptes de test."
"You created the order.","Vous avez créé la commande."
"You have no stored aliases.","Vous n'avez pas d'alias."
"You have to enter a card number.","Vous devez insérer le numéro de carte."
"You have to enter bank code of your bank.","Il faut insérer le code banquaire de votre banque."
"You have to enter commercial number of you company.","Il faut insérer le numéro de commerce de votre entreprise."
"You have to enter either the CVC code or the issue number of your card.","Vous devez insérer le code CVC ou le numéro de série de votre carte."
"You have to enter sales tax number of you company.","Vous devez insérer le numéro de la taxe de vente de votre entreprise."
"You have to enter sales tax number of your company.","Vous devez insérer le numéro de la taxe de vente de votre entreprise."
"You have to enter the BIC.","Vous devez saisir le code BIC."
"You have to enter the CVC code from your card.","Vous devez insérer le code CVC de votre carte."
"You have to enter the IBAN.","Il faut insérer l'IBAN du compte banquaire"
"You have to enter the account holder name on the card.","Vous devez insérer le nom du titulaire de la carte."
"You have to enter the account holder name.","Veuillez insérer ici le nom du titulaire de la carte."
"You have to enter the card holder name on the card.","Vous devez insérer le titulaire de la carte."
"You have to enter the location of your bank.","Vous devez insérer le lieu de votre banque."
"You have to enter the name of the account owner.","Vous devez insérer le titulaire de compte"
"You have to enter the name of your bank.","Vous devez insérer le nom de votre banque."
"You have to enter your IBAN Number.","Il faut insérer l'IBAN du compte banquaire"
"You have to enter your bank account number.","Veuillez insérer l'IBAN de votre compte banquaire."
"You have to enter your social security number.","Veuillez insérer votre numéro de sécurité sociale."
"You may choose one of the cards you paid before on this site.","Vous pouvez choisir parmi les cartes utilisées précédemment:"
"You may choose one of your stored payment details.","Sélectionnez l'une des informations de paiement enregistrées pour le paiement"
"You may need to contact Realex for further assistance.","Vous devez contacter Realex pour plus d'aide."
"You trying to use live cards on the test system. Please use only test cards.","Vous essayez d'utiliser des cartes réelles sur le système de test. Veuillez utiliser uniquement des cartes de test."
"You will be redirect to the order confirmation page.","Vous allez être redirigé vers la page de confirmation de commande."
"You will be redirect to your bank to confirm the payment.","Vous serez redirigé vers votre banque pour confirmer le paiement."
"Your browser does not allow the execution of JavaScript. Please activate JavaScript in your browser and reload this page.","Votre navigateur ne permet pas l'exécution de JavaScript. Veuillez activer JavaScript dans votre navigateur et recharger cette page."
"Your card has been cancelled.","Votre carte a été annulée."
"Your card has been declined by a unkown reason.","Votre carte a été refusée par une raison inconnue."
"Your card is expired.","Votre carte est expirée."
"Your card is not enrolled for 3-D secure. The merchant accepts only cards which are enrolled.","Votre carte n'est pas inscrit pour 3D Secure. Le commerçant accepte uniquement les cartes qui sont inscrits pour 3D Secure."
"Your card number seems to be invalid.","Votre numéro de carte n'est pas valide."
"Your card seems to reported as stolen or lost.","Votre carte semble être signalée comme volée ou perdue."
"Your checkout session expired.","Your checkout session expired."
"Your fraud settings prevents the acceptance of this transaction.","Vos paramètres de fraude empêchent l'acceptation de cette transaction."
"Your server IP address is '@IP'.","L'adresse IP de votre serveur est  '@IP'."
"RealexCw Aliases","RealexCw Alias"
"____paymentMethodName____","____paymentMethodName____"
"Realex","Realex"
"Realex Aliases","Alias Realex"
"Realex Error","Erreur de Realex"
"Realex Parameters","Realex Paramètres"
"Realex Refund Items","Realex _ remboursement articles"
"Realex Section","Section Realex"
"Realex Transactions","Transactions de Realex"
"Realex provision in some cases a special merchant ID for MoTo (mail-/telefon-order) transaction. In case you want to use MoTo and you receive such a merchant ID, then fill it here. Otherwise leave this field empty.","Dans certains cas Realex émet une Merchant ID spéciale pour les transactions MoTo (commandes par eMail/téléphone). Dans le cas où vous souhaitez utiliser MoTo et vous recevez une ID de marchand, veuillez la remplir ici. Sinon, laissez ce champ vide."
"Realex: Alias Management","Realex: Gestion des Alias"
"customweb ltd","customweb ltd"
"no","no"
"or","ou"
"yes","Oui"
