"* Required Fields","* campo obbligatorio"
"-- No Status Change --","-- Nessun cambiamento di stato --"
"3D Secure","3D Secure"
"3D Secure Authentication","3D Secure Authentication"
"3D Secure failed","3D Secure fallito"
"3D Secure sucess","La verifica 3D Secure é andata a buon fine"
"3DSecure Setting","Impostazione di 3D Secure"
"A authorized transaction cannot be authorized again.","Una transazione autorizzata non può essere autorizzata di nuovo."
"A authorized transaction cannot be marked as failed.","Una transazione autorizzata non può essere contrassegnata come non riuscita."
"A cancelled transaction cannot be authorized.","Una transazione annullata non può essere autorizzata."
"A cancelled transaction cannot be cancelled again.","Una transazione cancellata non può essere cancellata nuovamente."
"A cancelled transaction cannot be captured.","Una transazione annullata non può essere registrata."
"A cancelled transaction cannot be marked as failed.","Una transazione annullata non può essere contrassegnato come fallita."
"A cancelled transaction cannot be refunded.","Una transazione cancellata non può essere rimborsata."
"A captured transaction cannot be authorized.","Una transazione registrata non può essere autorizzata."
"A captured transaction cannot be cancelled.","Una transazione registrata non può essere annullata."
"A captured transaction cannot be marked as failed.","Una transazione registrata non può essere contrassegnata come non riuscita."
"A failed authorization cannot be authorized.","Una autorizzazione fallita non può essere autorizzata."
"A payment method may not available for customers from different counties. You can decide when this availability check should happen. We recommend to set it during authorization","Alcuni metodi di pagamento non sono disponibili in alcuni paesi. E` possibile definire il momento in cui il controllo della disponibilità deve essere eseguito. Si consiglia di mettere su 'Durante l'autorizzazione'."
"A refund was added over !amount.","Un rimborso é stato aggiunto a !amount."
"A transaction may be uncertain, when the payment is not guaranteed. For example in case the credit card does not participate in the 3D procedure.","Una transazione può essere incerta, quando il pagamento non é garantito. Per esempio nel caso la carta di credito non partecipa alla procedura 3D."
"AVS Address Check","AVS Verifica del indirizzo"
"AVS Post Code Check","AVS Verifica del codice postale"
"AVSManager Address Settings","AVS Manager Impostazioni per l'indirizzo"
"AVSManager Post Code Settings","AVS Impostazioni per il codice postale"
"About","A proposito di"
"Account Holder","Intestatario del conto"
"Account Holder Name","Intestatario del conto"
"Account owner name.","Intestatario del conto"
"Action","Azione"
"Actions","Azioni"
"Activate","Activate"
"Activate AVS-Manager","Attivare AVS Manager"
"Activate RealVault","Attivare RealVault"
"Activate the payment method and test.","Attiva il metodo di pagamento e provalo."
"Active","Attivo"
"Additional Information","Ulteriori informazioni"
"Address Verification Result. <br>(M (Matched) <br>N (Not Matched) <br>I (Problem with check) <br>U (Unable to check (not certified etc)) <br>P (Partial Match))","Risultato della verifica degli indirizzi <br>(M (Matched) <br>N (Not Matched) <br>I (Problem with check) <br>U (Unable to check (not certified etc)) <br>P (Partial Match))"
"Adjust Qty","Regolare la quantità"
"Adjustment Discount","Regolazione del discount"
"Adjustment Fee","Costi di adeguamento"
"After payment selection","Dopo la scelta del pagamento"
"Ajax authorization not supported.","Autorizzazione Ajax non supportata."
"Alias","Alias"
"Alias For Display","Alias da visualizzare"
"Alias Id","Alias ID"
"Alias Token","Alias Token"
"All Customers","Tutti i clienti"
"Allow only 3DSecure transactions (Very strict)","Consenti solo le transazioni 3D Secure (Molto rigoroso)"
"Allowed Currencies","Valute accettate"
"Allowed currencies for this payment method","Valute ammesse per questo metodo di pagamento"
"Already registered?","Già iscritto?"
"Always Checkout as Guest","Effettua il checkout sempre come ospite"
"American Express","American Express"
"Amount","Importo"
"Amount Incl. Tax","Importo tasse incluse"
"An unkown error occurs. Details: '!details'.","Si é verificato un errore sconosciuto. Dettagli: '!details'."
"Are you sure you want to cancel this order?","Sei sicuro di voler cancellare questo ordine?"
"Ask for the CVC","Chiedere CVC"
"At this point the PaRes-URL parameter must be given.","A questo punto deve essere dato il parametro di Pares-URL."
"Author","Autore"
"Authorization Amount","Importo autorizzazione"
"Authorization Failed","Autorizzazione non riuscita"
"Authorization Method","Metodo di autorizzazione"
"Authorization is uncertain.","Autorizzazione incerta"
"Authorized Status","Status autorizzato"
"Await Notification","Attendi la notifica"
"Awaiting confirmation","In attesa di conferma"
"BIC","BIC"
"Bad signature format.","Bad signature format."
"Bank Location","Posizione della banca"
"Bank Name","Nome della banca"
"Bank account number","Numero IBAN"
"Bank code number","Numero del codice bancario"
"Before payment selection","Prima della selezione del pagamento"
"Billing Address","Billing Address"
"Billing Information","Dati di fatturazione"
"Billing address","indirizzo di fatturazione"
"Brand Name","Brand Name"
"By setting the capturing the reservation can be captured directly after the order or later manually over the backend of the store.","By setting the capturing the reservation can be captured directly after the order or later manually over the backend of the store."
"CVC Code","Codice CVC"
"CVN Check Result","Risultato del controllo CVN"
"CVN Check Result. <br>(M: CVV Matched), <br>(N: CVV Not Matched), <br>(I: CVV Not checked due to circumstances), <br>(U: CVV Not checked ??? issuer not certified), <br>(P: CVV Not Processed)","Risultato del controllo CVN <br>(M: CVV Matched), <br>(N: CVV Not Matched), <br>(I: CVV Not checked due to circumstances), <br>(U: CVV Not checked ??? issuer not certified), <br>(P: CVV Not Processed)"
"CVN Not Matched","CVN Non abbinato"
"CVN Not Processed","CVN Non trasformati"
"CVN Not checked - issuer not certified","CVN Non controllato - emittente non certificato"
"CVN Not checked due to circumstances","CVN Non controllato a causa di circostanze"
"CVN Result","Risultato di CVN"
"Cancel","Interrompere"
"Cancel ID","Cancel ID"
"Cancel operation failed with message: !message","Cancellazione non riuscita con il messaggio: !message"
"Cancel pending orders when out of stock","Cancellare gli ordini pendenti quando fuori stock."
"Cancel status","Status di cancellazione"
"Canceled RealexCw","____ModuleCamel___ annullato"
"Canceling of this payment not possible!","Questo pagamento non può essere cancellato!"
"Cancelled Status","Status annullato"
"Cannot update item quantity.","Impossibile aggiornare la quantità dell'articolo."
"Capture Amount","Capture Amount"
"Capture ID","Capture ID"
"Capture amount","Importo contabilizzato"
"Capture failed with message: !message","Registrazione non riuscita con il messaggio: !message"
"Capture information","Informazione della contabilizzazione"
"Capture status","Status di registrazione"
"Capture: Don't Close","Registrazione: Non chiudere"
"Captured Amount","Importo riconosciuto"
"Captured Status","Status registrato"
"Captures","Acquisizione"
"Captures & Refunds","Registrazioni & Rimborsi"
"Capturing","Contabilizzare"
"Capturing / Settlement","Acquisizione / Accordo"
"Card Expiration","Carta di data di scadenza"
"Card Holder Name","Titolari di carte"
"Card Number","Numero di carta"
"Carrier Title","Titolo del trasportatore"
"Check out faster","Effettua il checkout più velocemente"
"Check the delivery address","Controlla l'indirizzo di consegna"
"Check to activate the external checkout.","Selezionare questa opzione per attivare il checkout esterno."
"Checkout","Checkout"
"Checkout as Guest","Checkout come ospite"
"Checkout as a Guest or Register","Checkout come ospite o iscriviti"
"Checkout as a new customer","Effettua il checkout come nuovo cliente"
"Checkout using your account","Effettua il checkout utilizzando il tuo account"
"Choose settlement after order in case you want an invoice to be created with your oder. The state of the invoice will set according to your capture status","Seleziona 'Creazione dopo l'ordine' se vuoi che la fattura venga creata. Lo status della fattura sarà impostato secondo lo status della registrazione"
"Choose the strictness of your transactions relating to 3DSecure (Options are ordered by stricness).","Scegli la severità delle transazioni relative a 3D Secure (opzioni sono ordinate per severità)."
"Choosing the encryption algorithm used for the signature. Realex recommend to use SHA1.","Scegliere l'algoritmo di crittografia utilizzato per la firma. Realex consiglia di utilizzare SHA1."
"Company Commercial Number","Numero commerciale dell'azienda"
"Confirm Password","Conferma la password"
"Confirm with your acquire that they support recurring sequences of Realex Payments. At this point (2013) only HBOS and Streamline support this. Recurring sequence payments are a lower risk, you will get charged less.","Conferma che supportano le sequenze ricorrenti di Realex Payments. A questo punto (2013) solo HBOS e Streamline lo supportano. I pagamenti con sequenza ricorrenti sono un rischio inferiore, quindi ti sarà addebitato meno."
"Continue","Continua"
"Could not convert object of type '!type' to string.","Impossibile convertire l'oggetto di tipo '!type' in  string."
"Could not find a brand for the given card number.","Impossibile trovare un marchio in base al numero di carta fornito."
"Could not find pressed button.","Impossibile trovare il pulsante premuto."
"Could not find template file at default location '!location'.","Impossibile trovare il file template nella posizione di default '!location'."
"Could not find the payment method !paymentMethodName.","Impossibile trovare il metodo di pagamento !paymentMethodName."
"Could not load layout from URL !url. Reason: !reason","Impossibile caricare il layout dall' URL !url. motivo: !reason"
"Create Account","Crea un account"
"Create New Order - Payment","Crea un nuovo ordine - Pagamento"
"Create a recurring payment, with an existing alias is not supported","Create a recurring payment, with an existing alias is not supported"
"Creating an account has many benefits:","I numerosi vantaggi di creare un account:"
"Creation Date","Data di creazione"
"Credit Card Brands","Marche Carta di Credito"
"Credit Memo History","Credit Memo History"
"Credit Memo Totals","Credit Memo Totals"
"Credit memo's total must be positive.","Il totale di nota di credito deve essere positivo."
"Currency","Valuta"
"Current Configuration Scope:","Attuale ambito di configurazione:"
"Customer Account","Account cliente"
"Customer Alias Management","Gestione dell'Alias del cliente"
"Customer successfully returned from RealexCw","Il cliente é tornato con successo da RealexCw."
"Customer successfully returned from Realex","Cliente rimandato con successo dalla pagina di pagamento ____ ModuleCamel____."
"Customer sucessfully returned from the RealexCw payment page.","Customer sucessfully returned from the RealexCw payment page."
"Customers","Clienti"
"Customweb","Customweb"
"Date","Data"
"Date of Birth","Data di nascita"
"Day","Giorno"
"Deactivate","Deactivate"
"Dear customer we have received your billing and shipping information. In order to finish your order please create an account below or checkout as guest.","Gentile cliente abbiamo ricevuto le sue informazioni  di  fatturazione e  spedizione. Per concludere il tuo ordine,  vai alla cassa, crea un nuovo accesso o effettua il checkout come ospite."
"Dear customer, it appears to us that your payment was successful, but we are still waiting for confirmation. You can wait on this page and we will redirect you after we received the confirmation. Or you can close this window and we will send out an order confirmation email.","Gentile cliente, il suo pagamento sembra andato a buon fine, tuttavia siamo ancora in attesa di conferma. Può aspettare su questa pagina e la reindirizzeremo dopo che avremo ricevuto la conferma. Oppure può chiudere questa finestra e le invieremo una e-mail di conferma dell'ordine."
"Default Config","Configurazione predefinita"
"Deferred","Ritardato"
"Deferred (authorization)","Deferred (authorization)"
"Deferred capturing","Registrazione ritardata"
"Deferred settlement","Creazione ritardata"
"Define a maximal order total for this checkout to be available.","Definire un ordine totale massimo al fine che questo checkout sia disponibile."
"Define a minimal order total for this checkout to be available.","Definire un ordine totale minimo al fine che questo checkout sia disponibile."
"Delayed","Ritardato"
"Delete","Cancellare"
"Delivery address","Indirizzo di consegna"
"Description","Descrizione"
"Diners Club","Diners Club"
"Direct Debits","Direct Debits"
"Direct E-Banking","Direct E-Banking"
"Direct capture after order","Subito dopo l'acquisto"
"Directly after order","Subito dopo l'acquisto"
"Directly after order (sale)","Directly after order (sale)"
"Disabled","Disattivato"
"Discount","Sconto"
"Discount Amount","Sconto"
"Do nothing (not recommended)","Non fare niente (non raccomandato)"
"Do you wish to store your card information?","Do you wish to store your card information?"
"Don't change order status","Non cambiare lo stato dell'ordine"
"During authorization","Durante l'autorizzazione"
"ECI (Ecommerce Indicator)","eCommerce Indicator (ECI)"
"ECI Value","ECI Value"
"ECommerce Indivator (ECI)","eCommerce Indicator (ECI)"
"Each valid transaction returnes a RealScore (0 - 100). RealScore is Realex???s proprietary Transaction Suitability Scoring (TSS) system. A transaction suitability score is a score assigned to a transaction based on rules configured by you, highlighting potentially suspicious transactions which can be flagged for review. Realscore can also be implemented with automatic transaction checking, where transactions which break certain predefined rules or which return a low score can be automatically declined. The TSS-value set here, acts as a lower bound for transactions. Each transaction with a TSS-value lower as this option will be flagged for review (flagged as uncertain).","Ogni transazione valida fornisce un RealScore (0 - 100). RealScore é ____ paymentServiceProviderName ____ sistema Transaction proprietario Idoneità Scoring (TSS) s '. Un punteggio di idoneità di transazione assegnato ad una transazione in base alle regole configurate da voi, mettendo in evidenza le operazioni potenzialmente sospette che possono essere contrassegnati per la revisione. Realscore può anche essere implementato con il controllo automatico delle transazioni, dove le transazioni che infrangono alcune regole predefinite o che restituiscono un punteggio basso può essere automaticamente rifiutato. Il TSS-valore qui impostato, agisce come un limite inferiore per le transazioni. Ogni transazione con un TSS valore più basso come questa opzione verrà contrassegnata per la revisione (contrassegnata come incerta)."
"Edit","Modifica"
"Edit Invoice %s","Modifica la fattura %s"
"Email Address","Indirizzo email"
"Empty version number field name","Campo del numero vuoto"
"Enable or disable logging.","Attiva o disattiva logging."
"Enable the payment method","Attiva la modalità di pagamento"
"Enabled","Attivato"
"Encryption algorithm","Algoritmo di crittografia"
"Enter the date on which your card expires.","Inserisci la data di scadenza della carta."
"Enter the subaccount you want to use for this shop. You need to contact Realex in order to set up new subaccounts. The default subacount is 'internet'.","Inserisci il subaccount che si desidera utilizzare per questo negozio. È necessario contattare Realex al fine di creare nuovi account secondari. Il subaccount predefinito é 'internet'."
"Error with the length of the validation date.","Error with the length of the validation date."
"Excl. Tax","Escl. tasse"
"External Checkout","Checkout esterno"
"External Checkout: Guest Checkout","Checkout esterno: Checkout da ospite"
"Failed","Non andato a buon fine"
"Failed payment authorization.","L'autorizzazione é stata rifiutata."
"Figure !number:","Figure !number:"
"For the Transaction Feedback please send the URL that is generated in the main module to Realex (<a href='mailto:support@realexpayments.com'>support@realexpayments.com</a>)","Per il Feedback della transazione, invia l'URL generato nel modulo principale a Realex (<a href='mailto:support@realexpayments.com'>support@realexpayments.com</a>)"
"Force 3DSecure transaction, if customer is enrolled for 3DSecure. If not enrolled go on without 3DSecure.","Utilizzare transazione 3DSecure, se il cliente é iscritto per 3DSecure. In caso contrario, andare avanti senza 3DSecure."
"Forgot Your Password?","Hai dimenticato la password?"
"Forgot your password?","Hai dimenticato la password?"
"Full 3D Secure ??? cardholder enrolled","Full 3D Secure - titolare iscritto"
"Get Update","Aggiorna"
"Here you can insert a transaction prefix. The prefix allows you to change the transaction number that is transmitted to Realex. The prefix must contain the tag {id}. It will then be replaced by the order number (e.g. name_{id}).","Qui è possibile inserire un prefisso d'ordine. Il prefisso consente di cambiare il numero d'ordine che viene trasmesso a Realex .  Il profilo deve contenere il tag {id}. Il prefisso sarà poi sostituito dal numero d'ordine (es. name-{id}). Non utilizzare '_'."
"Here you can insert an order prefix. The prefix allows you to change the order number that is transmitted to Authorize.net. The prefix must contain the tag {id}. It will then be replaced by the order number (e.g. name_{id}).","Here you can insert an order prefix. The prefix allows you to change the order number that is transmitted to Authorize.net. The prefix must contain the tag {id}. It will then be replaced by the order number (e.g. name_{id})."
"Here you may enter the shop id added to allow multiple stores with the same Realex account.","Qui é possibile immettere lo Shop ID aggiunto per consentire più negozi con lo stesso account Realex."
"Het kiezen van de encryptie-algoritme dat wordt gebruikt voor de ondertekening. Realex beveelt SHA1 gebruiken.","Het kiezen van de encryptie-algoritme dat wordt gebruikt voor de ondertekening. Realex beveelt SHA1 gebruiken."
"Hide","Nascondi"
"I: Problem with check","I: Problemi con il controllo"
"IBAN","IBAN"
"IBAN number","Numero IBAN"
"If a product is in stock only once and the payment of the customer ordering this product fails or is aborted, it won't be available until the order is canceled (see timeout option below). Enable this setting to cancel the customer's pending orders when he returns to the cart page and a product is not available anymore.","Se é rimasto un solo pezzo in magazzino e il pagamento del cliente che vuole comprare questo prodotto fallisce, il prodotto sarà riservato fino a quando l'ordine é cancellato (vedere l'opzione Timeout). Attivare questa opzione se si desidera che il prodotto NON sia riservato e che l'ordine con un pagamento non riuscito sia immediatamente annullato."
"If a product is in stock only once and the payment of the customer ordering this product fails or is aborted, it won't be available until the order is canceled (see timeout option below). Enable this setting to cancel the customer's pending orders when he returns to the cart page and a product is not available anymore. Be careful though: If you enable this option, there is a chance that payments are made with the corresponding order being already canceled.","Se un prodotto è disponibile solo una volta e il pagamento dell'ordine cliente il prodotto non riesce o viene interrotta, non sarà disponibile fino a quando l'ordine viene annullato (guarda l'opzione di timeout di seguito). Attiva questa impostazione per annullare gli ordini in attesa del cliente quando torna alla pagina del carrello e di un prodotto non è più disponibile. Attenzione, però: se si attiva questa opzione, c'è una possibilità che i pagamenti vengano effettuati con l'ordine corrispondente che é già stato annullato."
"If it is not applicable leave the field empty.","Se non é possibile lasciare il campo vuoto."
"If the status is 'Pending' it is unclear whether the transaction will be cancelled successfully.","Se lo stato é 'in sospeso' non é chiaro se la transazione verrà annullata correttamente."
"If the status is 'Pending' it is unclear whether the transaction will be captured successfully.","Se lo stato é 'In sospeso' non é chiaro se la transazione sarà registrata con successo."
"If the status is 'Pending' it is unclear whether the transaction will be refunded successfully.","Se lo stato é 'In sospeso' non é chiaro se la transazione sarà rimborsata con successo."
"If the test mode is selected the test account is used. Otherwise the configured account is used.","If the test mode is selected the test account is used. Otherwise the configured account is used."
"If this error persists please contact Realex.","Se l'errore persiste contattare Realex."
"If you have any issues with the module please feel free to contact us. See our <a href='https://www.sellxed.com/en/support' target='_blank'>support page</a> for more information.","Se hai problemi con il modulo non esitare a contattarci. Controlla anche <a href='https://www.sellxed.com/en/support' target='_blank'>support page</a> per ulteriori informazioni."
"If you select this checkbox, the payment will be captured at the PSP and you can not add additional captures.","Se selezioni questa opzione, il pagamento sarà registrato al PSP e non puoi aggiungere ulteriori registrazioni."
"If you would like to use recurring payments, you need our magento module ""Customweb Subscription"". For further information go to <a href=""http://www.sellxed.com/shop/"" target=""_blank"">sellxed.com</a>.","Se si desidera utilizzare pagamenti ricorrenti, è necessario il modulo di Magento ""abbonamento CustomWeb "". Per ulteriori informazioni visitare <a href=""http://www.sellxed.com/shop/"" target=""_blank"">sellxed.com</a>."
"Image Brand Selection","Image Brand Selection"
"In order to be able to open the Payment Page of Realex you must transmit the IP address of your server to Realex.","Per essere in grado di aprire la pagina di pagamento di   Realex  devi trasmettere l'indirizzo IP del tuo server a Realex."
"In some cases it may take a few seconds until the transaction is successfully authorized. When this option is enabled, the notification is awaited.","In alcuni casi possono volerci alcuni secondi prima che la transazione sia autorizzata con successo. Quando l'opzione é attivata, la notifica arriva dopo qualche secondo."
"In some cases the transaction requires a few seconds until it is successfully authorized. When this option is enabled the user is hold until the transaction reach the final state. If this is not the case in 30 seconds a message is shown to the customer, which explains the situation.","In alcuni casi l'operazione richiede alcuni secondi prima di essere autorizzata. Quando questa opzione è abilitata l'utente è trattenuto fino a quando la transazione non é andato a buon fine. Se questo non è il caso in 30 secondi viene visualizzato un messaggio al cliente che spiega la situazione."
"Inactive","Inattivo"
"Incl. Tax","Incl. tasse"
"Information","Informazione"
"Invalid CVC provided.","Il codice CVC inserito non é valido."
"Invalid login or password.","Login o password non validi."
"Invoice Items","Articoli fattura"
"Invoice Settlement","Pagamento della fattura"
"Invoice Totals","Totali della fattura"
"Invoice settlement","Creazione della fattura"
"Invoice was created successfully","La fattura é stato creata con successo."
"Invoices","Fatture"
"Issue Number","Numero Issue"
"It is not possible to checkout in your country.","Non é possibile effettuare il checkout nel tuo paese."
"Item","Articolo"
"Items","Articoli"
"Items Refunded","Articoli rimborsati"
"JCB","JCB"
"Laser","Laser Card"
"Live HMAC Key","Live HMAC Key"
"Live Identifier (PBX_IDENTIFIANT)","Live Identifier (PBX_IDENTIFIANT)"
"Live Mode","Live Mode"
"Live Mode in Live Environment","Live Mode"
"Live Password","Live Password"
"Live Rang (PBX_RANG)","Live Rang (PBX_RANG)"
"Live Site ID (PBX_SITE)","Live Site ID (PBX_SITE)"
"Logging","Logging"
"Login","Login"
"Login & Register","Login & Registrati"
"Login and password are required.","Login e password richiesti."
"M: Matched","M: Matches"
"MD5","MD5"
"Mail order/telephone order authorization","Autorizzazione degli ordini via eMail/telefono"
"Manage Stores","Gestire negozi"
"Manage Realex Aliases","Gestisci gli alias Realex"
"Mark all Transaction as certain","Indica tutte le transazione come certe"
"MasterCard","Mastercard"
"Maximum Order Total","Totale massimo dell'ordine"
"Merchant 3D Secure ??? cardholder not enrolled or attempt to authenticate acknowledged","Merchant 3D Secure - titolare della carta non iscritto o tentare di autenticare riconosciuto"
"Merchant ID","ID Commerciante"
"Merchant ID MOTO","Merchant ID MoTo"
"Message","Notifica"
"Method Title","Titolo del metodo"
"Minimum Order Total","Minimo per il totale dell'ordine"
"Month","Mese"
"My Realex Aliases","I miei Alias Realex"
"N: Not Matched","N: non corrisponde"
"Never use 3DSecure","Non usare mai 3D Secure"
"New Order","Nuovo ordine"
"New Order Status","Nuovo stato dell'ordine"
"New card","Nuova carta"
"Next Update Execution Date","Data del prossimo aggiornamento"
"No","No"
"No CVC code set.","Nessun codice CVC inserito."
"No IBAN set.","Nessun IBAN fornito."
"No Items","Nessun articolo"
"No account holder set.","Il nome del titolare del conto deve essere inserito."
"No additional payment information available.","Nessuna informazione di pagamento supplementare."
"No authorization method found for payment method !method.","Nessun metodo di autorizzazione trovato per il pagamento !method."
"No button returned.","Nessun tasto fornito."
"No card expiry month is invalid.","Il mese di scadenza della carta non é valido."
"No card expiry month set.","Il mese di scadenza della carta deve essere inserito."
"No card expiry year is invalid.","L'anno di scadenza della carta non é valido."
"No card expiry year set.","L'anno di scadenza della carta deve essere inserito."
"No card holder set.","Non é stato inserito il titolare della carta."
"No refund possible.","Nessun rimborso possibile"
"No shipping method needed.","Nessun metodo di spedizione necessario."
"No, use the dropdown.","No, use the dropdown."
"Non 3D Secure transaction.","Transazione Non 3D Secure"
"Notification URL","URL di notifica"
"Only an authorized transaction can be marked as finally declined.","Solo una transazione autorizzata può essere contrassegnata come Rifiutata."
"Only an uncertain transaction can be marked as finally declined.","Solo una transazione incerta può essere contrassegnata  Rifiutata."
"Only authorized transaction can be cancelled.","Solo le transazioni autorizzate possono essere cancellate."
"Only authorized transaction can be captured.","Solo le transazioni autorizzate possono essere registrate."
"Only authorized transaction can be refunded.","Solo transazioni autorizzate possono essere rimborsate."
"Only captured transaction can be refunded.","Solo le transazioni registrate possono essere rimborsate."
"Only on captured transaction the flag customer refusing to pay can be set.","E ' possibile impostare un flag per i clienti che non hanno pagato solo sulle transazioni registrate."
"Operation Mode","Modalità di funzionamento"
"Optionally: Activate the 3D-secure.","Optionally: Activate the 3D-secure."
"Optionally: Activate the transaction suitability score.","Optionally: Activate the transaction suitability score."
"Optionally: Alias manager. You need the alias manager in order to use subscriptions.","Optionally: Alias manager. You need the alias manager in order to use subscriptions."
"Order #","Numero d'ordine"
"Order Grand Total","Totale complessivo dell'ordine"
"Order Information","Informazioni sull'ordine"
"Order Prefix","Order Prefix"
"Order Review","Controllo ordine"
"Order Summary","Riassunto dell'ordine"
"Order Total","Totale dell'ordine"
"Order cancelled, because the customer was too long in the payment process of Realex.","L'ordine é stato annullato perché il cliente é rimasto troppo a lungo nel processo di pagamento di Realex."
"Order was placed using %s","L'ordine é stato effettuato usando %s"
"Orders","Ordini"
"Orders with with payments that are longer pending than the specified timeout in minutes are cancelled automatically.","Gli ordini il cui pagamento é in sospeso da più tempo del timeout definito in minuti saranno annullati automaticamente. Per utilizzare questa funzione devi impostare Magento cron."
"Our acquire doesn't support Realex-Payments-recurring-sequences.","Our acquire doesn't support Realex-Payments-recurring-sequences."
"Our acquire don't support Realex-Payments-recurring-sequences.","Il nostro acquisiscono non supporta sequenze ricorrenti."
"Our acquire support Realex-Payments-recurring-sequences.","Il nostro acquirente supporta sequenze ricorrenti."
"P: Partial Match","P: Corrispondenza parziale"
"Paid Amount","Importo pagato"
"Partial refund not possible. You may retry with the total transaction amount.","Rimborso parziale non possibile. Riprovare con l'importo totale della transazione."
"Password","Password"
"Password and password confirmation are not equal.","La password e la conferma della password non corrispondono."
"Pay with ____paymentMethodName____","Paga con ____paymentMethodName____"
"Payment","Pagamento"
"Payment ID","Payment ID"
"Payment Id","ID pagamento"
"Payment Information","Informazioni sul pagamento"
"Payment Method","Metodo di pagamento"
"Payment captured successfully.","Pagamento salvato con successo."
"Payment could not be authorized. Cancelling order. Reason :","Il pagamento non potesse essere autorizzato. L'ordine sarà annullato. Motivo:"
"Payment details can be entered after placing the order","I dettagli di pagamento possono essere inseriti dopo avere effettuato l'ordinato."
"Payment from Applicable Countries","Payment from Applicable Countries"
"Payment from Specific Countries","Payment from Specific Countries"
"Payment from applicable countries","Pagamento da paesi applicabili"
"Payment from specific countries","Pagamento da paesi specifici"
"Payment is pending at RealexCw","Pagamento in sospeso in RealexCw."
"Payment method description","Descrizione di metodo di pagamento"
"Payment with %s","Pagamento con %s"
"Payment with Realex","Pagamenti con ____ paymentServiceProviderName____"
"Payments may be updated periodically (interval in minutes). To use this feature you have to setup magento cron","I pagamenti possono essere aggiornati automaticamente (intervallo in minuti) via API (se attivato). Per utilizzare questa funzione, il Magento Cron deve essere abilitato."
"Pending","In sospeso"
"Pending RealexCw","RealexCw in attesa"
"Place Order","Fare un ordine"
"Please agree to all the terms and conditions before placing the order.","Accetta i termine e le condizioni prima di fare un ordine."
"Please check the entered CVC number.","Si prega di controllare il numero CVC inserito."
"Please check the entered credit card number.","Si prega di controllare il numero di carta di credito inserito."
"Please contact the merchant.","Si prega di contattare il commerciante."
"Please enter here the Bank Identifier Code (BIC).","Inserisci qui il codice di identificazione bancario (BIC)."
"Please enter here the CVC code from your card. You find the code on the back of the card.","Inserisci qui il codice CVC che si trova sul retro della tua carta."
"Please enter here the International Bank Account Number (IBAN).","Si prega di inserire l'IBAN (numero di conto bancario internazionale)."
"Please enter here the account holder name on the card.","Si prega di inserire qui il nome del titolare del conto sulla carta."
"Please enter here the account holder name.","Si prega di inserire qui il nome del titolare del conto."
"Please enter here the account number of your bank account.","Si prega di inserire l'IBAN (numero di conto bancario internazionale)."
"Please enter here the bank code of your bank.","Si prega di inserire il codice banca ."
"Please enter here the card holder name on the card.","Inserire qui il nome del titolare della carta."
"Please enter here the commercial number of your company.","Si prega di inserire il numero di iscrizione nel registro delle imprese."
"Please enter here the name of the account owner.","Si prega di inserire il nome del titolare del conto."
"Please enter here the number on your card.","Si prega di inserire il numero di carta di carta di credito."
"Please enter here the sales tax number of your company.","Inserisci qui la partita IVA della tua azienda."
"Please enter here your social security number.","Si prega di inserire il numero di sicurezza sociale."
"Please enter the BIC number.","Si prega di inserire il numero BIC."
"Please enter the location of your bank.","Si prega di inserire la posizione della banca."
"Please enter the name of your bank.","Si prega di inserire il nome della banca."
"Please enter your IBAN number.","Inserisci il tuo numero IBAN."
"Please enter your issue number, if there is no CVC code on your card.","Inserisci l'issue number, se non c'é alcun codice CVC sulla carta."
"Please flash or disable the cache storage and retry. If this did not help, change the authorization method to PaymentPage and <a href=""%s"" target=""_blank"">contact sellxed</a>.","Svuota o disabilita la memoria cache e riprova. Se non dovesse aiutare, cambia il metodo di autorizzazione in PaymentPage and <a href=""%s"" target=""_blank"">contact sellxed</a>."
"Please flash or disable the cache storage and retry. If this did not help, change the authorization method to PaymentPage and <a href=""%s"" target=""_blank"">contact sellxed</a>.', 'http://www.sellxed.com/en/support","Si prega di lampeggiare o disabilitare la memoria cache e riprovare. Se questo non ha aiutato, cambiare il metodo di autorizzazione per PaymentPage e <a href=""%s"" target=""_blank"">contattare sellXed</a>.', 'http://www.sellxed.com/en/support"
"Please flush or disable the cache storage and retry. If this did not help, change the authorization method to PaymentPage and <a href=""%s"" target=""_blank"">contact sellxed</a>.","Svuota o disabilita la memoria cache e riprova. Se questo non aiuta, cambia il metodo di autorizzazione in PaymentPage e <a href=""%s"" target=""_blank"">contatta sellxed</a>."
"Please log in below:","Log in"
"Please select","Si prega di selezionare"
"Please select a shipping method before sending the order.","Seleziona un metodo di spedizione prima di inviare l'ordine."
"Please select the Bank Identifier Code (BIC) of your bank.","Seleziona il Bank Identifier Code (BIC) della  banca."
"Please select the day of your birth.","Si prega di selezionare il giorno della tua nascita."
"Please select the expiry month on your card.","Devi inserire il mese della scadenza della carta."
"Please select the expiry year on your card.","Inserisci la data di scadenza della carta."
"Please select the month of your birth.","Seleziona il mese di nascita."
"Please select the the year of your birth.","Si prega di selezionare l'anno di nascita."
"Please send the notification URL and the IP address of the server to <a href='mailto:support@realexpayments.com'>support@realexpayments.com</a>. You can find both information below.","Please send the notification URL and the IP address of the server to <a href='mailto:support@realexpayments.com'>support@realexpayments.com</a>. You can find both information below."
"Please wait, processing your order...","Per favore attendi, elaborando il tuo ordine..."
"Price","Prezzo"
"Product","Prodotto"
"Product Name","Nome del prodotto"
"Purchase Point","Luogo di acquisto"
"Qty","Quantità"
"RealVault Security Measure","RealVault Security Measure"
"Rebate Password","Sconto password"
"Recurring Payments","Pagamenti ricorrenti"
"Recurring Sequences","Sequenze ricorrenti"
"Redirect","Instradamento"
"Refund Amount","Importo rimborsato"
"Refund ID","ID rimborso"
"Refund amount","Importo rimborsato"
"Refund failed with message: !message","Operazione di rimborso non riuscita con il messaggio: !message"
"Refund information","Informazione sul rimborso"
"Refund status","Status rimborso"
"Refunded Amount","Importo rimborsato"
"Refunds","Crediti"
"Register","Registrarsi"
"Register to Create an Account","Iscriviti per creare un account"
"Register with us for future convenience:","Iscriviti per facilitare la tua prossima visita:"
"Release Date","Data di rilascio"
"Review","Revisione"
"Rounding Adjustment","Arrotondamenti"
"Row Total","Totale riga"
"SEPA Mandate ID","SEPA Mandate ID"
"SHA1","SHA-1"
"SKU:","SKU:"
"Sales","Vendite"
"Sales Tax Number","Numero tasse vendite"
"Save","Salva"
"Saved cards:","Carte salvate"
"See order and shipping status","Controlla l'ordine e lo stato della spedizione"
"Select Brand","Seleziona Marca"
"Select Method","Seleziona metodo"
"Select the authorization method to use for processing this payment method.","Seleziona il metodo di autorizzazione da utilizzare per l'elaborazione di questo metodo di pagamento."
"Select the date of your birth.","Inserisci la data di nascita"
"Select the date on which your card expires.","Seleziona la data di scadenza della carta."
"Send Invoice Email","Invia la fattura per email"
"Send amounts to Realex in base currency.","Invia l'importo a Realex  in base alla valuta."
"Send amounts to Realex in store's base currency.","Invia importo a Realex  nella valuta base del negozio."
"Send invoice email","Invia la fattura via email"
"Send the invoice email automatically after invoice creation.","Invia la fattura automaticamente via email dopo averla creata."
"Set direct capture after order. In this case your authoization will directly be captured on your customer's credit card","Per la 'Contabilizzazione diretta' l'importo viene contabilizzato direttamente dopo il pagamento completato. Per la 'Contabilizzazione ritardata' l'importo viene addebitato solo dopo un periodo di tempo definito da voi."
"Set the sort order to show the external checkouts.","Impostare il criterio di ordine per visualizzare i checkout esterni."
"Settlement after order","Creazione dopo l'ordine"
"Setup","Setup"
"Shipping & Handling","Shipping & Handling"
"Shipping Address","Shipping Address"
"Shipping Amount","Importo di spedizione"
"Shipping Information","Informazioni di spedizione"
"Shipping Method","Metodo di spedizione"
"Shipping Methods","Metodi di spedizione"
"Shipping Refund","Rimborso della spedizione"
"Shop","Shop"
"Shop ID","ID Negozio"
"Short Installation Instructions:","Istruzioni per l'installazione breve:"
"Should the amount be captured / settled automatically after the order (auto settle) or should the amount only be reserved?","Qualora l'importo venga addebitato automaticamente dopo l'ordine (diretta) o solo bloccato (ritardato)?"
"Show","Mostra"
"Show Account Selection","Mostra la selezione dell'account"
"Show Further Settings and Information","Mostra ulteriori impostazioni e informazioni"
"Show Image","Mostra immagine"
"Show Payment Id","Mostra il Payment Id"
"Show the payment id","Mostra il payment ID"
"Show the payment id in the order information","Mostra il payment ID nell'informazione dell'ordine"
"Show the payment image","Mostra l'immagine di pagamento"
"Show the payment image on the checkout page","Mostra l'immagine di pagamento nella pagina di checkout"
"Sign In","Log in"
"Signature Passphrase","Signature Passphrase"
"Social Security Number","Social Security Number"
"Sort Order","Sort Order"
"Status","Stato"
"Store the payment details","Salvare i dati di pagamento"
"Stored payment details","Dettagli di pagamento memorizzate"
"Subacount","Subaccount"
"Submit Order","Conferma l'ordine"
"Submitting order information...","Invio informazioni sull'ordine ..."
"Subtotal","Totale parziale"
"Success","Successo"
"Successful","Successo"
"Successful online refund of amount","Rimborso online dell'importo andato a buon fine."
"Successful payment authorization.","Pagamento autorizzato con successo."
"Successfull online refund of amount","Rimborso online dell'importo andato a buon fine."
"Support","Supporto"
"TSS (Transaction Suitability Scoring) system","TSS (Transaction Suitability Scoring) System"
"TSS Value","Valore di TSS"
"TSS lower bound","TSS limite inferiore"
"Tax Amount","Importo Tassa"
"Technical issue: This payment methods is not available at the moment.","Problema tecnico: Questo metodo di pagamento non é disponibile in questo momento."
"Template URL","URL template"
"Test Environment","Modalità test"
"Test Mode","Test Mode"
"Test Mode in Live Environment","Modalità test in modalità live"
"Test Transaction","Test per la transazione"
"The 3-D secure authorization failed because of temporary issue with the authentication system.","L'autorizzazione 3D Secure non é andata a buon fine a causa di un problema temporaneo con il sistema di autenticazione."
"The 3-D secure authorization failed.","3D Secure fallito"
"The 3-D secure enrollement status of your card could not be checked.","Lo stato di iscrizione per il 3D Secure della propria scheda non può essere verificato."
"The 3-D secure enrollment does not return the ASC URL or the ASC pareq parameter.","L'iscrizione 3-D secure non restituisce l'ASC URL o il parametro ASC Pareq."
"The HMAC key as defined in the live backoffice of Realex. You may need generate the HMAC key. Please take a look at the manual how to do this.","The HMAC key as defined in the live backoffice of Realex. You may need generate the HMAC key. Please take a look at the manual how to do this."
"The Paymentmethod the customer choose on the paymentpage.","Il metodo di pagamento che il cliente sceglie sulla pagina di pagamento (Payment Page)."
"The SEPA mandate schema does not contain the tag '!tag'. This tag is required.","Lo schema mandato SEPA non contiene il tag '!tag' necessario."
"The account has been deactivated by Realex.","L'account é stato disattivato da Realex."
"The alias could not be found.","L'alias non é stato trovato."
"The alias has been deleted.","L'alias é stato cancellato."
"The alias transaction could not be conductet with error code: !code, and reason: !reason:","The alias transaction could not be conductet with error code: !code, and reason: !reason:"
"The amount cannot be charged on the customer's card.","L'importo non può essere addebitato sulla carta del cliente."
"The amount cannot be charged on your card.","L'importo non può essere addebitato sulla tua carta."
"The amount could not be verified.","The amount could not be verified."
"The amount in the choosen currency could not be charged.","L'importo non poteva essere addebitato nella valuta data ."
"The amount in the given currency could not be charged.","L'importo non poteva essere addebitato nella valuta data ."
"The amount of !amount is authorized.","La quantità di !amount é autorizzata."
"The amount of !amount is captured.","La quantità di !amount é registrata."
"The authorizaltion could not be done.","The authorizaltion could not be done."
"The authorization at the bank failed.","L'autorizzazione dalla banca non é andata a buon fine."
"The authorization could not be done.","L'autorizzazione non poteva essere concessa."
"The authorization failed. May be the Switch Card isssue number is wrong.","Autorizzazione non riuscita. Forse il numero di emissione Switch Card é sbagliato."
"The authorization method '!method' is not supported.","Il metodo autorizzazione '!method' non é supportato."
"The authorization was not successful","The authorization was not successful"
"The bank has a scheduled maintenance outage.","La banca ha un'interruzione per  manutenzione programmata."
"The bank refuse the transaction. Reason: !reason","La banca ha rifiutato la transazione. Motivo: !reason"
"The bank reports an unkown error.","La banca segnala un errore sconosciuto."
"The bank system seems to be down to an unkown reason.","Il sistema bancario sembra  non funzionare per un motivo sconosciuto."
"The brand of the credit card is detected by the card number if hidden authorization is used. If the payment page is used, the user has to select the brand. The allowed credit card brands can be restricted by this setting.","The brand of the credit card is detected by the card number if hidden authorization is used. If the payment page is used, the user has to select the brand. The allowed credit card brands can be restricted by this setting."
"The brand of the credit card is detected by the card number if server/remote authorization is used. If the payment-page/redirect is used, the user has to select the brand. The allowed credit card brands can be restricted by this selection.","Il tipo di carta di credito viene rilevato dal numero della carta se viene utilizzata l'autorizzazione del server / remoto. Se si utilizza il payment-page/redirect, l'utente deve selezionare la marca. Le marche delle carte di credito autorizzate possono essere limitate in questa impostazione."
"The brand with external name '!key' was not present in the map.","Il marchio con il nome esterno '!key' non era presente nella mappa."
"The brand with key '!key' was not found in the card information map.","Il marchio con la chiave !key' non é stata trovata nella mappa dati della carta."
"The calculated and returned hash do not match.","L' hash calcolato e restituito non corrispondono."
"The cancellation could not be conducted. Error code: !error.","The cancellation could not be conducted. Error code: !error."
"The capture amount (!captureAmount) cannot be greater than the authorized amount (!authorizedAmount).","La quantità da registrare (!captureAmount) non può essere superiore all'importo autorizzato (!authorizedAmount)."
"The capture item with SKU '@sku' has a higher amount (@amountItem) as the original item (@amountOriginal).","Il prodotto registrato con SKU '@sku' a una quantità (@amountItem) superiore rispetto al prodotto originale (@amountOriginal)."
"The capture item with SKU '@sku' is not present in the original order.","Il prodotto registrato con SKU '@sku' non é presente nell'ordine originale."
"The capturing could not be conducted. Error code: !error.","The capturing could not be conducted. Error code: !error."
"The card brand selection is automatically done depending on the entered card number. If no Javascript is active in the browser, a drop down is shown. In case JavaScript a the brand logos can be shown. Should the brand selection using images?","The card brand selection is automatically done depending on the entered card number. If no Javascript is active in the browser, a drop down is shown. In case JavaScript a the brand logos can be shown. Should the brand selection using images?"
"The configuration has been saved.","La configurazione é stata salvata."
"The configured merchant was not found.","Il commerciante configurato non é stato trovato."
"The controller class '@controller' does not provide any method with annotation 'Customweb_Payment_Endpoint_Annotation_ExtractionMethod' and valid output.","La classe del controllore '@controller' non fornisce alcun metodo con annotazione 'Customweb_Payment_Endpoint_Annotation_ExtractionMethod'   e un valido output."
"The customer does not finish the payment with in the timeout.","Il cliente non completa il pagamento entro il tempo stabilito."
"The customer's card has been cancelled.","La carta del cliente é stata annullata."
"The customer's card is expired.","La carta del cliente é scaduta."
"The customer's card number seems to be invalid.","Il numero di carta del cliente sembra non essere valido."
"The customer's has been declined by a unkown reason.","Il cliente é stato rifiutato per un motivo sconosciuto."
"The customers's card is reported to be stolen or lost.","La vostra carta é segnalata come rubata o persa."
"The date of birth is required.","È richiesta la data di nascita."
"The entered CVC is too short.","Il CVC inserito é troppo corto."
"The expected format is '!format' where the 'MM' means the month number and 'YY' the year number.","Il formato previsto é '!format' dove per 'MM' si intende il numero del mese e 'YY' il numero dell'anno."
"The expiry date is in a invalid format.","La data di scadenza non é valida."
"The field '!field' is to short. It should be (at least) !length characters long. Please contact us to check why your order fails.","Il campo '!field' é troppo breve. Dovrebbe essere (almeno) !length caratteri. Ti preghiamo di contattarci per verificare il motivo per cui il tuo ordine non può essere completato."
"The gender is required.","Il sesso deve essere specificato."
"The given CVC code has the wrong length.","Il dato codice CVC ha la lunghezza sbagliata."
"The given card number has an invalid check sum.","Il numero della carta fornito ha un checksum non valido."
"The given card number has an invalid length.","Il numero della carta fornito ha una lunghezza non valida."
"The given hmac key is empty.","The given hmac key is empty."
"The given identifier is empty.","The given identifier is empty."
"The given password is empty.","The given password is empty."
"The given rang is empty. It must be a nummeric value with length of two.","The given rang is empty. It must be a nummeric value with length of two."
"The given rang is invalid. It must be a nummeric value with length of two.","The given rang is invalid. It must be a nummeric value with length of two."
"The given site number is empty.","The given site number is empty."
"The identifier as defined in the backoffice of Realex.","The identifier as defined in the backoffice of Realex."
"The invoice could not be captured and processed by","Il conto non può essere contabilizzato o trattato da Realex."
"The invoice could not be captured and processed. Reason:","La fattura non può essere registrata e processata. Causa:"
"The invoice could not be found.","La fattura non é stato trovata."
"The invoice has been changed.","La fattura é stata cambiata."
"The invoice no longer exists.","La fattura non esiste più."
"The issuer number for your Switch Card seems to be wrong.","Il numero emittente per la vostra Switch Card sembra essere sbagliato."
"The layout does not contain the tag '!layout_tag'.","Il layout non contiene il tag '!layout_tag'."
"The merchant ID as given by your Payment-Service-Provider (Realex).","L'ID commerciante, come indicato dal provider di servizi di pagamento (Realex)."
"The merchant seems not be authorized to execute the transaction.","Il commerciante non sembra essere autorizzati ad eseguire la transazione."
"The next update execution date indicates when the next cron is run to update the transaction state.","La data del prossimo aggiornamento indica quando il prossimo cron é lanciato per aggiornare lo stato della transazione."
"The order is not fully completed. Please contact the store owner.","Il pagamento non ha potuto andare a buon fine."
"The password key given by Realex which is needed in order to perform a refund.","La password fornita da Realex é necessaria per effettuare un rimborso."
"The payment failed. The response data has been tampered. Please contact the merchant.","Il pagamento non é andato a buon fine. I dati di risposta sono stati manomesso. Si prega di contattare il commerciante."
"The payment form will be displayed after submitting the order.","Il formulario di pagamento sarà mostrato dopo aver effettuato l'ordine."
"The payment has been accepted.","Il pagamento é stato accettato."
"The payment has been denied.","Il pagamento é stato rifiutato."
"The payment method !paymentMethodName does not support the currency '!currency'.","ll metodo di pagamento !paymentMethodName non supporta la moneta '!currency'."
"The payment method !paymentMethodName is not available in your country ('!country').","Il metodo di pagamento !paymentMethodName non è disponibile nel tuo paese ('!country')."
"The payment update has been made.","L'aggiornamento del pagamento é stato fatto."
"The paymnet system seems currently to be offline. Please try it later again.","Il sistema di pagamento sembra essere attualmente offline. Si prega di riprovare più tardi."
"The provided signature does not match with the one calculated.","La firma fornita non corrisponde a quella calcolata."
"The rang (PBX_RANG) as defined in the live backoffice of Realex. It must be nummeric value with length two. In the backoffice it may be displayed as a three char value. You must truncate the first digit.","The rang (PBX_RANG) as defined in the live backoffice of Realex. It must be nummeric value with length two. In the backoffice it may be displayed as a three char value. You must truncate the first digit."
"The redirect response from PayPal was unsuccessful.","La risposta di reindirizzamento da PayPal non ha avuto successo."
"The refund item with SKU '@sku' has a higher amount (@amountItem) as the original item (@amountOriginal).","Il prodotto rimborsato con SKU '@sku' ha una quantità (@amountItem) superiore rispetto al prodotto originale (@amountOriginal)."
"The refund item with SKU '@sku' is not present in the original order.","Il prodotto rimborsato con SKU '@sku' non é presente nell'ordine originale."
"The refunding could not be conducted. Error code: !error.","The refunding could not be conducted. Error code: !error."
"The response hash seems to be manipulated, hence the transaction was rejected.","L'hash della risposta sembra essere stato manipolato, quindi la transazione é stata respinta."
"The response seems to be manipulated, hence the transaction was rejected.","La risposta sembra essere manipolata, quindi la transazione é stata respinta."
"The retailer is not known.","Il commerciante é sconosciuto."
"The shopping cart has been altered!","Il carrello é stato modificato!"
"The signature could not be verified.","The signature could not be verified."
"The signature key given by Realex .","La chiave di firma fornita da Realex."
"The site id (PBX_RANG) as defined in the backoffice of Realex.","The site id (PBX_RANG) as defined in the backoffice of Realex."
"The total refund amount (!totalRefundedAmount) cannot be greater than the captured amount (!capturedAmount).","L'importo totale rimborsato (!totalRefundedAmount) non può essere superiore all'importo acquisito (!capturedAmount)."
"The transaction cannot be cancelled online.","Impossibile cancellare la transazione online."
"The transaction cannot be captured online.","Impossibile registrare la transazione online."
"The transaction cannot be refunded online.","Impossibile rimborsare la transazione online."
"The transaction failed due to an unkown reason.","L'operazione non é andata a buon fine a causa di una ragione sconosciuta."
"The transaction failed with error code !code.","The transaction failed with error code !code."
"The transaction is only executed in the test system. The goods should not be delivered.","La transazione viene eseguita solo nel sistema di test. Le merci non devono essere consegnate."
"The transaction was not valid. The bank refuse it.","L'operazione non era valida ed é stata rifiutata dalla banca."
"The transactions with one of the selected CVN Reuslts will be marked as uncertain. (Here Realex-Payment recommend 'CVN Not Matched' and 'CVN Not Processed')","Le transazioni con uno dei CVN selezionati saranno contrassegnati come incerto. (Qui Realex-pagamento sono raccomandati 'CVN Not Matched' e'CVN Not Processed')"
"The transactions with one of the selected CVN Reuslts will be marked as uncertain. (Here Realex recommend 'CVN Not Matched' and 'CVN Not Processed')","Le transazioni con uno dei CVN selezionati saranno contrassegnati come incerti. (Qui Realex raccomanda 'CVN Not Matched' and 'CVN Not Processed')"
"The whole transaction is cancelled.","L'intera transazione é stata annullata."
"There has been a problem during the processing of your payment.","C'é stato un problema durante l'elaborazione del tuo pagamento."
"There has been a problem during the processing of your payment. Please contact the shop owner to make sure your order was placed successfully.","Si é verificato un problema durante l'elaborazione del pagamento. Si prega di contattare il proprietario del negozio per assicurarsi che il vostro ordine sia stato effettuato con successo."
"There is a problem with your license. Please contact us (www.sellxed.com/support). Reason: %1","Si é verificato un problema con la tua licenza. Ti preghiamo di contattarci (www.sellxed.com/support). Reason: %1"
"There is a problem with your license. Please contact us (www.sellxed.com/support). Reason: %s","C'é un problema con la tua licenza. Contattaci (www.sellxed.com/support). Causa : %s"
"There is already a customer registered using this email address. Please login using this email address or enter a different email address to register your account.","Questo indirizzo email é già registrato. Effettua il login o inserisci un nuovo indirizzo email per creare un account."
"There occours a network outage at the bank side.","Si é verificata un' interruzione di rete da parte della banca."
"There occours an error with the payment system.","Si é verificato un errore con il sistema di pagamento."
"There seems to be a problem with the Realex module.","Sembra esserci un problema con il modulo Realex."
"There seems to be an error in the implementation of the payment module. Details: '!details'.","Sembra che ci sia un errore nell'implementazione del modulo di pagamento. Details: '!details'."
"There seems to be an error of your Realex account. Details: '!details'.","Sembra che ci sia un errore nel tuo account Realex . Dettagli: '!details'."
"There was an error validating the login and password.","C'è stato un errore durante la convalida del login e password."
"There was no PayPal token returned. Please contact your merchant.","Non é stato restituito nessun token Paypal. Si prega di contattare il rivenditore."
"This URL has to be placed in the backend of Realex under Configuration > Technical Information > Transaction Feedback and their in the two fields for 'Direct HTTP server-to-server request'.","Questo URL deve essere posizionato nel backend di Realex in Configurazione > Informazioni tecniche > Transaction Feedback e loro nei due campi per 'Direct HTTP server-to-server request'."
"This URL has to be reported to Realex. The transaction notification must be sent to this URL.","Questo URL deve essere riferito a Realex. La notifica della transazione deve essere inviata a questo URL."
"This account is not confirmed. <a href=""%s"">Click here</a> to resend confirmation email.","Questo account non é confermato. <a href=""%s"">Clicca qui</a> per rimandare l'email di conferma."
"This is a brief instruction of the main and most important installation steps, which need to be performed when installing the Realex module. For detailed instructions regarding additional and optional settings, please refer to the enclosed instructions in the zip.","Questa é una breve istruzione delle fasi di installazione più importanti, che devono essere eseguite quando si installa il modulo Realex. Per istruzioni dettagliate relative alle impostazioni aggiuntive e opzionali, consultare le istruzioni allegate nello zip."
"This is the URL required by the Skin Creator","Questo é l'URL richiesto dal Skin Creator"
"This is the name of the account holder).","Questo é il nome del titolare del conto."
"This is the technical alias token (Alias Manger/Realvault).","Questo é un alias token tecnico (Alias Manger/Realvault)."
"This password is used for recurring payments and for the alias manager as well as for the server authorization. This is the password of the Realex account.","This password is used for recurring payments and for the alias manager as well as for the server authorization. This is the password of the Realex account."
"This setting can be used to activate resp. deactivate the 3D secure check. Please check with PayBox if you are allowed to deactivate the 3D secure check. This setting has only an effect when you use the payment page.","This setting can be used to activate resp. deactivate the 3D secure check. Please check with PayBox if you are allowed to deactivate the 3D secure check. This setting has only an effect when you use the payment page."
"This status is set, when the payment was successfull and it is authorized.","Questo status é selezionato quando il pagamento ha avuto esito positivo ed è autorizzato."
"This transaction is already closed for further captures.","Questa transazione é già chiusa."
"This transaction is already closed for further refunds.","Questa transazione é stata chiusa e non sono più possibili rimborsi."
"This transaction no longer exists.","La transazione non esiste più."
"Timeout for pending payments (min)","Timeout per i pagamenti in sospeso"
"Titel","Titolo"
"Title","Title"
"Title of the payment method","Nome del metodo di pagamento"
"To use the RealVault some banks require additional security measures to make sure that the customer account can not be used by an attacker. With this option you can control, what measure is applied. Either the CVC can be asked always or the delivery address is checked, if it is the same as in the initial transaction.","Per utilizzare il RealVault alcune banche richiedono misure di sicurezza aggiuntive per assicurarsi che l'account cliente non possa essere utilizzato da un utente malintenzionato. Con questa opzione é possibile controllare quale misura viene applicata. O il CVC può essere richiesto sempre o l'indirizzo di consegna é controllato, se é lo stesso della transazione iniziale."
"Total","Totale"
"Total Shipping Charges","Totale spese di trasporto"
"Track order history","Traccia lo storico dell'ordine"
"Transaction","tbcl_realexcw_transaction_view"
"Transaction Authorized","Transazione autorizzata"
"Transaction Cancelled","Transazione annullata"
"Transaction Captured","Transazione registrata"
"Transaction History","Storico della transazione"
"Transaction ID Prefix","Transaction ID Prefix"
"Transaction Id","Transaction ID"
"Transaction Paid","La transazione é stata pagata"
"Transaction Uncertain","Transazione incerta"
"Transaction Updates","Transaction Updates"
"Transaction cancelled successfully","La transazione é stata annullata con successo."
"Transaction captured successfully","Transazione registrata con successo"
"Transaction history","Sintesi delle transazioni"
"Transaction was authorized over the deferred authorization mechanism.","La transazione é stata autorizzata con il meccanismo di autorizzazione differita."
"Transactions","Transazioni"
"Transactions with one of the selected statuses will be marked as certain. Uncertain transactions need manual confirmation by the merchant. This service only works for UK cardholders as it uses the street address and postcodes of the cardholders. The Realauth redirect service supports AVS where it is supported by the merchant???s acquiring bank and the cardholder???s issuing bank. If a transaction fails an AVS check it will not automatically be declined by your bank. It is an advisory service and requires that the details of non matched transactions be checked by the merchant.","Le transazioni con uno degli status selezionati verranno contrassegnate come certe. Le transazioni incerte hanno bisogno di una conferma manuale da parte del commerciante. Questo servizio funziona solo per i titolari di carta del Regno Unito in quanto utilizza l'indirizzo e codici postali dei titolari di carta. Il Realauth redirect servizio supporta AVS dove viene supportato acquisendo banca del commerciante e la banca emittente del titolare della carta. Se una transazione fallisce un AVS controllare che non sarà automaticamente rifiutato dalla banca. Si tratta di un servizio di consulenza e richiede che i dettagli delle transazioni non abbinate essere controllate dal commerciante."
"Transactions with one of the selected statuses will be marked as certain. WARNING: Uncertain transactions by the definition of Realex Payments (default value) are not covered by the credit card company, the merchant carries the risk. Nevertheless some merchants prefer to take some risk instead of checking uncertain transactions manually.","Transazioni con uno degli status selezionati verranno contrassegnati come certa. ATTENZIONE: le operazioni incerte nella definizione di Realex (valore predefinito) non sono coperti dalla società di carte di credito, il mercante comporta il rischio. Ciò nonostante alcuni commercianti preferiscono prendere qualche rischio invece di controllare le transazioni incerti manualmente."
"U: Unable to check (not certified etc)","U: impossibile da verificare (non certificato)"
"URLs","URL"
"Unable to save the invoice.","Impossibile salvare la fattura."
"Uncertain Status","Status incerto"
"Uncertain transactions","Transazioni incerte"
"Update","Aggiornamento"
"Update Qty's","Regolare la quantità"
"Update interval for payments","Intervallo di aggiornamento per i pagamenti"
"Update order and transaction information over cron.","Aggiorna l'ordine e le informazioni sulle transazioni tramite cron."
"Update process by accessing the update URL or by invoking in the admin interface.","Aggiorna il processo mediante l'accesso all' URL di aggiornamento o richiamando nella interfaccia di amministrazione."
"Use Base Currency","Usa valuta di base"
"Use Default","Usare le impostazioni standard"
"Use base currency","Usa la valuta di base"
"VISA","Visa"
"Validation","Validazione"
"Version","Versione"
"View","Visualizza"
"Wait On Success Page","Aspetta sulla pagina di successo"
"We can not process the 3-D secure response, because we do not get the additional data transmitted with the redirection to the ACS service.","Non possiamo elaborare la risposta di 3D Secure, perché non otteniamo i dati aggiuntivi trasmessi con il reindirizzamento al servizio ACS."
"We cannot get the transaction instance.","Non possiamo stabilire una transazione."
"We experienced a problem with your sellxed payment extension. For more information, please visit the configuration page of the plugin.","Si é verificato un problema con l'estensione del tuo pagamento sellxed . Per maggiori informazioni, si prega di visitare la pagina di configurazione del Realex plugin."
"When the store is not available (network outage, server failure or any other outage), when the feedback of Realex is sent, then the transaction state is not updated. Hence no order confirmation e-mail is sent and the order is not in the paid state. By activating the transaction update, such transactions can be authorized later over direct link. To use this feature the update service must be activated and the API username and the API password must be set.","When the store is not available (network outage, server failure or any other outage), when the feedback of Realex is sent, then the transaction state is not updated. Hence no order confirmation e-mail is sent and the order is not in the paid state. By activating the transaction update, such transactions can be authorized later over direct link. To use this feature the update service must be activated and the API username and the API password must be set."
"When using an external checkout, the customer can either be asked to chose an option to authenticate (as guest, register or login) or he can always be checked out as guest. For the second option to work, guest checkout has to be enabled in magento.","Quando si utilizza un checkout esterno, può essere chiesto al cliente di scegliere l'opzione di autenticazione (come ospite, registrato o login) oppure può sempre fare il checkout come ospite. Affinché  la seconda opzione funzioni, il checkout come ospite deve essere abilitato in Magento."
"With this option set to yes, all valid transactions will be marked as certain. WARNING: Uncertain transactions by the definition of Realex (default value) are not covered by the credit card company, the merchant carries the risk. Nevertheless some merchants prefer to take some risk instead of checking uncertain transactions manually.","Con questa opzione impostata su ""Si"", tutte le transazioni valide saranno contrassegnati come certe. ATTENZIONE: le operazioni incerte per definizione di Realex (valore di default) non sono coperte dalla società emittente della carta di credito, quindi i rischi restano del commerciante. Ciò nonostante alcuni commercianti preferiscono prendere qualche rischio invece di controllare le transazioni incerte manualmente."
"With this setting set to active, an AVS-Check (Address Verification System) is carried out. According to your AVS-Settings.","Con questa impostazione impostata su attiva, un AVS-Check (Address Verification System) viene effettuato in base alle impostazioni AVS."
"With this setting set to active, you customers credit card credential will be stored safely at Realex. A token refering to the stored information is stored together with the corresponding customer data. That way your customer only need to type the minimum amount of data. Realex takes charges for the RealVault-Service. Please make sure to activate RealVault at Realex first.","Se questa impostazione é impostata su attivo, i clienti della carta di credito credenziali saranno conservati in modo sicuro a Realex. Un  token riferito alle informazioni memorizzate é salvato insieme ai  dati del cliente corrispondenti. In questo modo il cliente ha solo bisogno di digitare una quantità minima di dati. Realex si occupa di l'RealVault-Service. Si prega di assicurarsi di attivare RealVault in Realex prima."
"Year","Anno"
"Yes","Si"
"Yes, please store my card data for next time.","Yes, please store my card data for next time."
"Yes, use images for the brand selection.","Yes, use images for the brand selection."
"You are not allowed to do this transaction.","Non hai il permesso di fare questa operazione."
"You can allow the customers to manage/delete their aliases in the their account.","Puoi permettere ai clienti di gestire/eliminare il loro alias nel loro account."
"You can decide on the order status new orders should have after they are processed successfully.","Definire lo stato dell'ordine per i nuovi ordini, che sono stati trattati con successo."
"You can decide on the order status new orders should have that have an uncertain authorization status.","Definire lo stato dell'ordine per i nuovi ordini che hanno uno status incerto."
"You can specify the order status for new orders that have an uncertain authorisation status.","E' possibile specificare lo stato dell'ordine per i nuovi ordini che hanno uno stato di autorizzazione incerto."
"You can specify the order status for orders that are captured either directly after the order or manually in the backend.","È possibile specificare lo stato dell'ordine per gli ordini che vengono registrati subito dopo l'ordine o manualmente nel backend."
"You can specify the order status when an order is cancelled.","È possibile specificare lo stato dell'ordine quando un ordine viene annullato."
"You can switch between test and live mode. In the test mode, test cards will be available and the transactions will go to the test-sub-acounts.","?? possibile passare tra modalit?? live e test. Nella modalit?? di test, schede di test saranno disponibili e le operazioni andranno ai test-sub-acounts."
"You created the order.","Hai creato questo ordine."
"You have no stored aliases.","Non hai nessun alias memorizzato."
"You have to enter a card number.","SI prega di inserire il numero della carta di credito."
"You have to enter bank code of your bank.","Si prega di inserire il codice delle tua banca"
"You have to enter commercial number of you company.","Si prega di inserire il numero di iscrizione nel registro delle imprese."
"You have to enter either the CVC code or the issue number of your card.","Si prega di inserire il codice CVC o il numero di emissione della carta."
"You have to enter sales tax number of you company.","SI prega di inserire il numero di partita IVA."
"You have to enter sales tax number of your company.","È necessario inserire il numero di imposta sulle vendite della tua azienda."
"You have to enter the BIC.","Si prega di inserire il BIC della tua banca."
"You have to enter the CVC code from your card.","Si prega di inserire il CVC della carta di credito."
"You have to enter the IBAN.","Si prega di inserire il codice IBAN."
"You have to enter the account holder name on the card.","Si prega di inserire il nome del titolare del conto come scritto sulla carta."
"You have to enter the account holder name.","Si prega di inserire qui il nome del titolare del conto sulla carta."
"You have to enter the card holder name on the card.","Si prega di inserire il nome del proprietario della carta."
"You have to enter the location of your bank.","Si prega di inserire la posizione della banca."
"You have to enter the name of the account owner.","Si prega di inserire il nome del titolare del conto."
"You have to enter the name of your bank.","Si prega di indicare il nome della banca."
"You have to enter your IBAN Number.","Si prega di inserire il codice IBAN."
"You have to enter your bank account number.","Si prega di inserire l'IBAN (numero di conto bancario internazionale)."
"You have to enter your social security number.","Si prega di inserire il numero di sicurezza sociale."
"You may choose one of the cards you paid before on this site.","È possibile scegliere una delle schede usate in precedenza:"
"You may choose one of your stored payment details.","È possibile scegliere uno dei tuoi dati di pagamento memorizzati."
"You may need to contact Realex for further assistance.","Potrebbe essere necessario contattare Realex per ulteriore assistenza."
"You trying to use live cards on the test system. Please use only test cards.","Si sta tentando di usare carte dal vivo sul sistema di test. Si prega di utilizzare solo carte di test."
"You will be redirect to the order confirmation page.","Verrai reindirizzato alla pagina di conferma dell'ordine."
"You will be redirect to your bank to confirm the payment.","Verrai reindirizzato alla tua banca per confermare il pagamento."
"Your browser does not allow the execution of JavaScript. Please activate JavaScript in your browser and reload this page.","Il tuo browser non permette l'esecuzione di JavaScript. Si prega di attivare JavaScript nel tuo browser e ricarica questa pagina."
"Your card has been cancelled.","La tua carta é stata annullata."
"Your card has been declined by a unkown reason.","La tua carta é stata rifiutata per un motivo sconosciuto."
"Your card is expired.","La tua carta é scaduta."
"Your card is not enrolled for 3-D secure. The merchant accepts only cards which are enrolled.","La tua carta non é iscritta per il 3-D Secure. Il commerciante accetta solo carte iscritte al 3-D secure."
"Your card number seems to be invalid.","Il numero della carta non é valido."
"Your card seems to reported as stolen or lost.","La vostra carta é segnalata come rubata o persa."
"Your checkout session expired.","Your checkout session expired."
"Your fraud settings prevents the acceptance of this transaction.","L'impostazione frode impedisce l'accettazione di questa transazione."
"Your server IP address is '@IP'.","L'indirizzo IP del tuo server é '@IP'."
"RealexCw Aliases","RealexCw Alias"
"____paymentMethodName____","____paymentMethodName____"
"Realex Aliases","Realex Aliases"
"Realex Error","Errore di Realex"
"Realex Parameters","Impostazioni per Realex"
"Realex Refund Items","Articoli rimborsati Realex"
"Realex Section","Sezione Realex"
"Realex Transactions","Realex transazioni"
"Realex provision in some cases a special merchant ID for MoTo (mail-/telefon-order) transaction. In case you want to use MoTo and you receive such a merchant ID, then fill it here. Otherwise leave this field empty.","In alcuni casi Realex rilascia un ID speciale commerciante per le transazioni MOTO. Nel caso in cui si desideri utilizzare MoTo e si riceve un tale ID commerciante, compilare qui. In caso contrario, lasciare questo campo vuoto."
"Realex:","Realex:"
"Realex: Alias Management","Realex: Alias Management"
"customweb ltd","customweb SRL"
"no","no"
"or","oppure"
"yes","yes"
